32679	6260	fr-FR	Alphonse Allais	Amours, délices et orgues	-	Romans	-	Copyright © 2014-07-21 Ilivri	-	ILIVRI	9782335008067	epub	Alphonse Allais	2014-07-21
77476	9992	fr-FR	Stendhal	Rome, Naples et Florence - Tome II	-	Géographie, tourisme	-	Copyright © 2014-09-04 Ilivri	-	ILIVRI	9782335062670	epub	Henri Beyle	2014-09-04
97181	9407	fr-FR	Gaston Leroux	Les Etranges Noces de Rouletabille	-	Policier, mystère	-	Copyright © 2014-07-21 Ilivri	-	ILIVRI	9782335007831	epub	Gaston Leroux	2014-07-21
25338	4400	fr-FR	Georges Rodenbach	Les Vies encloses	-	-	-	Copyright © 2016 Ilivri	-	ILIVRI	id02938	epub	-	2016
183151	18258	fr-FR	Victor Tissot	Voyage au pays des Tziganes - La Hongrie inconnue	-	Géographie, tourisme	-	Copyright © 2014-10-31 Ilivri	-	ILIVRI	id01379	epub	Victor Tissot	2014-10-31
58692	5842	fr-FR	Madame d’Aulnoy	Contes de fées : La Belle aux cheveux d’or, L’Oiseau bleu - La Chatte blanche, La Biche au bois	-	Jeunesse	-	Copyright © 2014-07-21 Ilivri	-	ILIVRI	9782335012996	epub	Marie-Catherine Le Jumel de Barneville	2014-07-21
110525	14290	fr-FR	Théophile Gautier	Histoire du romantisme - suivie de Notices romantiques et d’une Étude sur la poésie française	-	Documents et essais	-	Copyright © 2014-08-14 Ilivri	-	ILIVRI	9782335046571	epub	Théophile Gautier	2014-08-14
36551	4516	fr-FR	Charles Perrault	Les Contes	-	Nouvelles, contes	-	Copyright © 2014-07-21 Ilivri	-	ILIVRI	9782335000078	epub	Charles Perrault	2014-07-21
17740	4077	fr-FR	J.-H. Rosny aîné	Les Xipéhuz	-	-	-	Copyright © 2016 Ilivri	-	ILIVRI	id03718	epub	-	2016
25692	3591	fr-FR	Eugène Labiche	Un chapeau de paille d’Italie	-	Théâtre	-	Copyright © 2014-07-21 Ilivri	-	ILIVRI	9782335012866	epub	Eugène Labiche	2014-07-21
40785	6279	fr-FR	Charles Nodier	Mademoiselle de Marsan	-	Romans	-	Copyright © 2015-01-26 Ilivri	-	ILIVRI	9782335063004	epub	Jean-Charles-Emmanuel Nodier	2015-01-26
73940	6244	fr-FR	Antoine François Prévost	Histoire de Manon Lescaut et du chevalier des Grieux	-	Sentimental	-	Copyright © 2014-07-21 Ilivri	-	ILIVRI	9782335005271	epub	Antoine François  Prévost	2014-07-21
66969	7596	fr-FR	Benjamin Constant	Adolphe - Anecdote trouvée dans les papiers d’un inconnu	-	Romans	-	Copyright © 2014-07-21 Ilivri	-	ILIVRI	9782335012767	epub	Benjamin Constant	2014-07-21
35984	6331	fr-FR	Paul Féval	La Fabrique de crimes	-	Policier, mystère	-	Copyright © 2014-11-28 Ilivri	-	ILIVRI	9782335046281	epub	Paul Féval	2014-11-28
72060	9429	fr-FR	François-René de Chateaubriand	Voyage en Amérique	-	Biographies, mémoires	-	Copyright © 2014-07-21 Ilivri	-	ILIVRI	9782335032710	epub	François-René de Chateaubriand	2014-07-21
72266	8909	fr-FR	Maurice Leblanc	Arsène Lupin, gentleman cambrioleur	-	Policier, mystère	-	Copyright © 2014-07-21 Ilivri	-	ILIVRI	9782335008142	epub	Maurice Leblanc	2014-07-21
54566	7334	fr-FR	Guy de Maupassant	Contes du jour et de la nuit	-	Nouvelles, contes	-	Copyright © 2014-07-23 Ilivri	-	ILIVRI	9782335046380	epub	Guy de Maupassant	2014-07-23
93225	9718	fr-FR	Jules Verne	L'Épave du "Cynthia"	-	Romans	-	Copyright © 2015-03-04 Ilivri	-	ILIVRI	id02192	epub	Jules Verne	2015-03-04
117135	12469	fr-FR	Rodolphe Töpffer	Nouvelles et mélanges	-	Nouvelles, contes	-	Copyright © 2014-07-21 Ilivri	-	ILIVRI - 
                BnF	id00781	epub	Rodolphe Töpffer	2014-07-21
7174	1511	fr-FR	Stendhal	Le Juif	-	Nouvelles, contes	-	Copyright © 2014-09-19 Ilivri	-	ILIVRI	9782335004038	epub	Henri Beyle	2014-09-19
52124	6065	fr-FR	Jean-Jacques Rousseau	Rêveries d'un promeneur solitaire	-	Romans	-	Copyright © 2015-06-30 Ilivri	-	ILIVRI	id01446	epub	Jean-Jacques Rousseau	2015-06-30
15406	2929	fr-FR	Emile Verhaeren	Le Cloître	-	Théâtre	-	Copyright © 2015-02-27 Ilivri	-	ILIVRI	9782335063158	epub	Emile Adolphe Gustave Verhaeren	2015-02-27
7453	1583	fr-FR	Eugène Labiche	Un jeune homme pressé	-	Théâtre	-	Copyright © 2014-07-21 Ilivri	-	ILIVRI	9782335012873	epub	Eugène Labiche	2014-07-21
43014	6500	fr-FR	Ernest Michel	Le Tour du monde en 240 jours - Le Canada et les États-Unis	-	Géographie, tourisme	-	Copyright © 2014-10-31 Ilivri	-	ILIVRI	9782335046625	epub	Ernest Michel	2014-10-31
11578	2121	fr-FR	Jean Racine	 Les Plaideurs	-	-	-	Copyright © 2015 Ilivri	-	ILIVRI	9782335062687	epub	-	2015
17727	4655	fr-FR	Guillaume Apollinaire	Alcools	-	Poésie	-	Copyright © 2014-07-21 Ilivri	-	ILIVRI	9782335008265	epub	Wilhelm Albert Włodzimierz Apolinary Kostrowicki	2014-07-21
18111	4269	fr-FR	Jules Laforgue	Les Complaintes	-	Poésie	-	Copyright © 2014-07-21 Ilivri	-	ILIVRI	9782335032307	epub	Jules Laforgue	2014-07-21
22616	3340	fr-FR	Voltaire	La Prude - Comédie	-	Humour	-	Copyright © 2015-01-26 Ilivri	-	ILIVRI	id02044	epub	François-Marie Arouet	2015-01-26
68539	5664	fr-FR	Georges Feydeau	La Main passe !	-	Théâtre	-	Copyright © 2014-07-21 Ilivri	-	ILIVRI	9782335012651	epub	Georges Feydeau	2014-07-21
86118	10316	fr-FR	Le Grand Jacques	Le Tour du monde en vélocipède	-	Géographie, tourisme	-	Copyright © 2014-10-31 Ilivri	-	ILIVRI	9782335046656	epub	Richard Lesclide	2014-10-31
370304	16707	fr-FR	Jean-Jacques Rousseau	Julie ou la Nouvelle Héloïse	-	Romans	-	Copyright © 2014-07-21 Ilivri	-	ILIVRI	9782335008326	epub	Jean-Jacques Rousseau	2014-07-21
104813	10916	fr-FR	Jean de La Fontaine	Les Fables de La Fontaine	-	Poésie	-	Copyright © 2014-09-09 Ilivri	-	ILIVRI	9782335004632	epub	Jean de La Fontaine	2014-09-09
175945	14660	fr-FR	Marcel Proust	À la recherche du temps perdu - Tome VII - Le Temps retrouvé	-	Romans	-	Copyright © 2014-07-21 Ilivri	-	ILIVRI	9782335007688	epub	Marcel Proust	2014-07-21
132291	11197	fr-FR	Gaston Leroux	Le Fantôme de l'Opéra	-	Policier, mystère	-	Copyright © 2014-07-21 Ilivri	-	ILIVRI	9782335008234	epub	Gaston Leroux	2014-07-21
83657	7086	fr-FR	Alexandre Dumas	La Dame aux camélias	-	Romans	-	Copyright © 2014-09-04 Ilivri	-	ILIVRI	9782335046410	epub	Alexandre Dumas	2014-09-04
14027	1856	fr-FR	Madame de Lafayette	La Princesse de Montpensier	-	Romans	-	Copyright © 2014-07-21 Ilivri	-	ILIVRI	9782335032369	epub	Marie-Madeleine Pioche de La Vergne	2014-07-21
143947	15475	fr-FR	Octave Mirbeau	Le Journal d'une femme de chambre	-	Romans	-	Copyright © 2014-09-19 Ilivri	-	ILIVRI	9782335062601	epub	Octave Mirbeau	2014-09-19
30797	5280	fr-FR	Honoré de Balzac	La Lune de miel  - Tome II	-	-	-	Copyright © 2016 Ilivri	-	ILIVRI	id01840	epub	-	2016
154859	12328	fr-FR	Victor Hugo	Han d’Islande	-	Romans	-	Copyright © 2014-07-21 Ilivri	-	ILIVRI	9782335002652	epub	Victor Hugo	2014-07-21
121563	10022	fr-FR	George Sand	Nanon	-	Romans	-	Copyright © 2014-07-21 Ilivri	-	ILIVRI	9782335046236	epub	Amantine Aurore Lucile Dupin	2014-07-21
10122	2308	fr-FR	Anatole France	L’affaire Crainquebille	-	-	-	Copyright © 2015 Ilivri	-	ILIVRI	id00979	epub	-	2015
34738	7170	fr-FR	Théodore de Banville	 Odes funambulesques	-	-	-	Copyright © 2015 Ilivri	-	ILIVRI	9782335062694	epub	-	2015
86802	10941	fr-FR	Anatole France	Les dieux ont soif	-	Romans	-	Copyright © 2014-09-04 Ilivri	-	ILIVRI	9782335046434	epub	François Anatole Thibault	2014-09-04
41145	6874	fr-FR	Paul Margueritte	Adam, Ève et Brid’oison	-	Romans	-	Copyright © 2015-01-26 Ilivri	-	ILIVRI	9782335063073	epub	Paul Margueritte	2015-01-26
55321	9227	fr-FR	Auguste Villiers de l’Isle-Adam	Chez les passants	-	Biographies, mémoires	-	Copyright © 2014-09-04 Ilivri	-	ILIVRI	9782335062663	epub	Auguste Villiers de l’Isle-Adam	2014-09-04
1828	593	fr-FR	Renée Vivien	Poèmes en prose	-	Poésie	-	Copyright © 2014-09-04 Ilivri	-	ILIVRI	id01098	epub	Pauline Mary Tarn	2014-09-04
93394	9688	fr-FR	Maurice Leblanc 	Le Bouchon de cristal	-	Policier, mystère	-	Copyright © 2014-11-28 Ilivri	-	ILIVRI	9782335046335	epub	Maurice Leblanc 	2014-11-28
33054	4409	fr-FR	Pierre Loti	Judith Renaudin	-	Romans	-	Copyright © 2014-09-09 Ilivri	-	ILIVRI	9782335003093	epub	Louis Marie Julien Viaud	2014-09-09
12190	2990	fr-FR	Emile Verhaeren	Petites légendes	-	Poésie	-	Copyright © 2014-07-21 Ilivri	-	ILIVRI	9782335012835	epub	Emile Adolphe Gustave Verhaeren	2014-07-21
103544	10730	fr-FR	Jules Verne	Cinq semaines en ballon	-	Romans	-	Copyright © 2014-07-21 Ilivri	-	ILIVRI	9782335007985	epub	Jules Verne	2014-07-21
9995	2065	fr-FR	Denis Diderot	Ceci n'est pas un conte	-	Nouvelles, contes	-	Copyright © 2014-09-09 Ilivri	-	ILIVRI	id00053	epub	Denis Diderot	2014-09-09
66919	9181	fr-FR	Jules Verne	Les Cinq cents millions de la Bégum	-	-	-	Copyright © 2015 Ilivri	-	ILIVRI	9782335062830	epub	-	2015
12272	2686	fr-FR	Honoré de Balzac	Le Chef-d'œuvre inconnu - Études philosophiques	-	-	-	Copyright © 2016 Ilivri	-	ILIVRI	id02784	epub	-	2016
70998	9695	fr-FR	Théophile Gautier	Le Roman de la momie	-	Jeunesse	-	Copyright © 2014-07-21 Ilivri	-	ILIVRI	9782335012729	epub	Théophile Gautier	2014-07-21
62665	6770	fr-FR	Gaston Leroux	Le Fauteuil hanté	-	Policier, mystère	-	Copyright © 2014-11-28 Ilivri	-	ILIVRI	9782335046311	epub	Gaston Leroux	2014-11-28
1919	701	fr-FR	Guy de Maupassant	Magnétisme	-	Nouvelles, contes	-	Copyright © 2015-02-27 Ilivri	-	ILIVRI	id02156	epub	Guy de Maupassant	2015-02-27
100974	12649	fr-FR	Raymond Roussel	Impressions d’Afrique	-	Romans	-	Copyright © 2014-07-21 Ilivri	-	ILIVRI	9782335003833	epub	Raymond Roussel	2014-07-21
50563	7140	fr-FR	Guy de Maupassant	L'Inutile Beauté	-	-	-	Copyright © 2016 Ilivri	-	ILIVRI	id01783	epub	-	2016
104854	13249	fr-FR	Alphonse Daudet	Numa Roumestan - Mœurs parisiennes	-	Romans	-	Copyright © 2015-09-30 Ilivri	-	ILIVRI	id02971	epub	Alphonse Daudet	2015-09-30
18695	3393	fr-FR	Alfred de Musset	La Mouche	-	-	-	Copyright © 2016 Ilivri	-	ILIVRI	id03540	epub	-	2016
95279	10122	fr-FR	Gaston Leroux	Mister Flow	-	Policier, mystère	-	Copyright © 2014-11-28 Ilivri	-	ILIVRI	9782335046328	epub	Gaston Leroux	2014-11-28
152211	12648	fr-FR	Jules Verne	Mistress Branican	-	Romans	-	Copyright © 2015-08-31 Ilivri	-	ILIVRI	id02911	epub	Jules Verne	2015-08-31
119065	15035	fr-FR	Gustave Flaubert	Bouvard et Pécuchet	-	Romans	-	Copyright © 2014-07-21 Ilivri	-	ILIVRI	9782335005493	epub	Gustave Flaubert	2014-07-21
72309	6250	fr-FR	Comtesse de Ségur	La Soeur de Gribouille	-	Romans	-	Copyright © 2014-12-05 Ilivri	-	ILIVRI	id01518	epub	Sophie Rostopchine	2014-12-05
42133	4514	fr-FR	Nicolas Machiavel	Le Prince	-	Philosophie	-	Copyright © 2014-07-21 Ilivri	-	ILIVRI	9782335008128	epub	Nicolas Machiavel	2014-07-21
26372	4441	fr-FR	Romain Rolland	Pierre et Luce	-	Romans	-	Copyright © 2015-02-27 Ilivri	-	ILIVRI	9782335063134	epub	Romain Rolland	2015-02-27
13092	2806	fr-FR	François-René de Chateaubriand	René	-	Romans	-	Copyright © 2014-07-21 Ilivri	-	ILIVRI	9782335032697	epub	François-René de Chateaubriand	2014-07-21
139347	13224	fr-FR	Pierre-Joseph-Olivier Chauveau	Charles Guérin - Roman de mœurs canadiennes	-	-	-	Copyright © 2016 Ilivri	-	ILIVRI	id02943	epub	-	2016
248590	12669	fr-FR	Anonyme	Les Mille et une nuits - Tome IV	-	Nouvelles, contes	-	Copyright © 2014-09-09 Ilivri	-	ILIVRI	9782335007473	epub	Anonyme	2014-09-09
225716	11023	fr-FR	Anonyme	Les Mille et une nuits - Tome I	-	Nouvelles, contes	-	Copyright © 2014-09-09 Ilivri	-	ILIVRI	9782335007442	epub	Anonyme	2014-09-09
18450	3141	fr-FR	Alexandre Dumas	La Bouillie de la comtesse Berthe	-	Jeunesse	-	Copyright © 2014-07-21 Ilivri	-	ILIVRI	9782335012743	epub	Alexandre Dumas	2014-07-21
94998	10148	fr-FR	Gustave Toudouze	Le Mystère de la chauve-souris	-	Romans	-	Copyright © 2014-12-05 Ilivri	-	ILIVRI	9782335062922	epub	Gustave Toudouze	2014-12-05
5169	1524	fr-FR	Théodore de Banville	La Perle - Comédie en un acte, en vers	-	Théâtre	-	Copyright © 2014-08-14 Ilivri	-	ILIVRI	id02511	epub	Étienne Jean Baptiste Claude Théodore Faullain de Banville	2014-08-14
4371	1369	fr-FR	Merville	La vie de café - Paris ou le Livre des Cent-et-Un	-	Documents et essais	-	Copyright © 2015-04-03 Ilivri	-	ILIVRI	id02360	epub	Pierre-François Camus	2015-04-03
74779	6922	fr-FR	Comtesse de Ségur	Un bon petit diable	-	Jeunesse	-	Copyright © 2014-07-21 Ilivri	-	ILIVRI	9782335000085	epub	Sophie  Rostopchine	2014-07-21
293624	19487	fr-FR	Marcel Proust	A la recherche du temps perdu - Tome III - Le Côté de Guermantes	-	Romans	-	Copyright © 2014-07-21 Ilivri	-	ILIVRI	9782335007916	epub	Marcel Proust	2014-07-21
128152	12430	fr-FR	Jules Barbey d’Aurevilly	Les Diaboliques - Les six premières	-	Poésie	-	Copyright © 2014-07-21 Ilivri	-	ILIVRI	9782335002058	epub	Jules Barbey d’Aurevilly	2014-07-21
22742	3214	fr-FR	Alfred de Vigny	Chatterton	-	Théâtre	-	Copyright © 2014-07-21 Ilivri	-	ILIVRI	9782335032352	epub	Alfred de Vigny	2014-07-21
119149	13658	fr-FR	Théophile Gautier	Le Capitaine Fracasse - Tome second	-	Jeunesse	-	Copyright © 2014-07-21 Ilivri	-	ILIVRI	9782335012705	epub	Théophile Gautier	2014-07-21
34803	5866	fr-FR	Alphonse Daudet	Tartarin de Tarascon	-	Jeunesse	-	Copyright © 2014-07-21 Ilivri	-	ILIVRI	9782335012750	epub	Alphonse Daudet	2014-07-21
115280	9788	fr-FR	Alfred de Musset	La Confession d'un enfant du siècle	-	Biographies, mémoires	-	Copyright © 2014-09-24 Ilivri	-	ILIVRI	9782335015218	epub	Alfred de Musset	2014-09-24
126855	10456	fr-FR	Gaston Leroux	Rouletabille chez le Tsar	-	Policier, mystère	-	Copyright © 2014-07-21 Ilivri	-	ILIVRI	9782335008135	epub	Gaston Leroux	2014-07-21
148890	14291	fr-FR	Gustave Flaubert	Madame Bovary - Mœurs de province	-	Romans	-	Copyright © 2014-07-21 Ilivri	-	ILIVRI	9782335002393	epub	Gustave Flaubert	2014-07-21
55042	9063	fr-FR	Jules Laforgue	Moralités légendaires	-	-	-	Copyright © 2015 Ilivri	-	ILIVRI	id00996	epub	-	2015
2040	747	fr-FR	Guy de Maupassant	Confessions d'une femme	-	Nouvelles, contes	-	Copyright © 2015-02-27 Ilivri	-	ILIVRI	id02148	epub	Guy de Maupassant	2015-02-27
45471	6820	fr-FR	Guy de Maupassant	Contes de la bécasse	-	Nouvelles, contes	-	Copyright © 2014-07-21 Ilivri	-	ILIVRI	9782335008302	epub	Guy de Maupassant	2014-07-21
109090	12937	fr-FR	Honoré de Balzac	Scènes de la vie privée et publique des animaux - Tome II	-	Documents et essais	-	Copyright © 2014-09-29 Ilivri	-	ILIVRI	9782335046588	epub	Honoré de Balzac	2014-09-29
51971	6939	fr-FR	Georges Courteline	Les Femmes d’amis	-	Romans	-	Copyright © 2014-07-21 Ilivri	-	ILIVRI	9782335002256	epub	Georges Courteline	2014-07-21
112532	10384	fr-FR	Jules Vallès	L’Enfant	-	Romans	-	Copyright © 2014-07-21 Ilivri	-	ILIVRI	9782335007527	epub	Jules Vallès	2014-07-21
62477	7079	fr-FR	Alfred Assollant	Aventures merveilleuses mais authentiques du Capitaine Corcoran - Première partie	-	Jeunesse	-	Copyright © 2014-07-21 Ilivri	-	ILIVRI	9782335012675	epub	Alfred Assollant	2014-07-21
114147	12310	fr-FR	Stendhal	Promenades dans Rome - Tome premier	-	Nouvelles, contes	-	Copyright © 2014-09-04 Ilivri	-	ILIVRI	9782335046403	epub	Henri Beyle	2014-09-04
12422	2286	fr-FR	P.-J. Stahl	Les Aventures de Tom Pouce	-	Jeunesse	-	Copyright © 2014-07-21 Ilivri	-	ILIVRI	9782335012668	epub	Pierre-Jules Hetzel	2014-07-21
19383	3015	fr-FR	Jean Racine	Britannicus	-	Théâtre	-	Copyright © 2014-07-21 Ilivri	-	ILIVRI	9782335012637	epub	Jean Racine	2014-07-21
136998	10733	fr-FR	Émile Zola	Une page d'amour	-	Romans	-	Copyright © 2014-11-28 Ilivri	-	ILIVRI	9782335046144	epub	Émile Zola	2014-11-28
63815	7747	fr-FR	Alfred Assollant	Aventures merveilleuses mais authentiques du Capitaine Corcoran - Deuxième partie	-	Jeunesse	-	Copyright © 2014-07-21 Ilivri	-	ILIVRI	9782335012682	epub	Alfred Assollant	2014-07-21
64310	7986	fr-FR	Jules Renard	Les Cloportes	-	Romans	-	Copyright © 2015-06-30 Ilivri	-	ILIVRI	id01834	epub	Jules Renard	2015-06-30
153614	12272	fr-FR	Jules Verne	Un capitaine de quinze ans	-	Géographie, tourisme	-	Copyright © 2015-08-31 Ilivri	-	ILIVRI	id02909	epub	Jules Verne	2015-08-31
28816	4298	fr-FR	Prosper Mérimée	La Double Méprise	-	Romans	-	Copyright © 2015-02-27 Ilivri	-	ILIVRI	9782335062946	epub	Prosper Mérimée	2015-02-27
34602	5538	fr-FR	Charles Baudelaire	Baudelaire Dufaÿs - Salon de 1846	-	Documents et essais	-	Copyright © 2014-10-31 Ilivri	-	ILIVRI	9782335046601	epub	Charles Baudelaire	2014-10-31
55503	8197	fr-FR	J.-H. Rosny aîné	Nymphée	-	Jeunesse	-	Copyright © 2014-07-21 Ilivri	-	ILIVRI	9782335012972	epub	Joseph Henri Honoré Boex	2014-07-21
14197	3540	fr-FR	Emile Verhaeren	Flamandes - Poésies	-	Poésie	-	Copyright © 2015-08-25 Ilivri	-	ILIVRI	id02921	epub	Emile Adolphe Gustave Verhaeren	2015-08-25
10786	3143	fr-FR	Paul Verlaine	 Poèmes Saturniens	-	-	-	Copyright © 2015 Ilivri	-	ILIVRI	9782335046540	epub	-	2015
877666	29040	fr-FR	Alexandre Dumas	Le Vicomte de Bragelonne	-	Romans	-	Copyright © 2014-07-21 Ilivri	-	ILIVRI	9782335046151	epub	Alexandre Dumas	2014-07-21
90204	10665	fr-FR	Georges Rodenbach	Le Carillonneur	-	Romans	-	Copyright © 2014-07-21 Ilivri	-	ILIVRI	9782335012927	epub	Georges Rodenbach	2014-07-21
121650	10656	fr-FR	Honoré de Balzac	Les Petits Bourgeois - Scènes de la vie parisienne – Tome II	-	Romans	-	Copyright © 2015-06-03 Ilivri	-	ILIVRI	id01836	epub	Honoré de Balzac	2015-06-03
58997	6939	fr-FR	Prosper Mérimée	Colomba	-	Nouvelles, contes	-	Copyright © 2014-07-21 Ilivri	-	ILIVRI	9782335003598	epub	Prosper Mérimée	2014-07-21
37292	6301	fr-FR	Jean de La Fontaine	Contes et nouvelles - Tome III	-	Nouvelles, contes	-	Copyright © 2015-08-25 Ilivri	-	ILIVRI	id02630	epub	Jean de La Fontaine	2015-08-25
8634	1769	fr-FR	Stendhal	Le chevalier de Saint-Ismier	-	Romans	-	Copyright © 2014-09-19 Ilivri	-	ILIVRI	9782335003994	epub	Henri Beyle	2014-09-19
29988	3946	fr-FR	Hugo Victor	Hernani ou l'Honneur castillan - Drame	-	-	-	Copyright © 2014 Ilivri	-	ILIVRI	9782335002577	epub	-	2014
122951	10470	fr-FR	Gaston Leroux	Le Parfum de la dame en noir	-	Policier, mystère	-	Copyright © 2014-07-21 Ilivri	-	ILIVRI	9782335007992	epub	Gaston Leroux	2014-07-21
25494	2748	fr-FR	Pierre Carlet de Marivaux	Les Fausses Confidences	-	Théâtre	-	Copyright © 2014-07-21 Ilivri	-	ILIVRI	9782335007770	epub	Pierre Carlet de Marivaux	2014-07-21
59020	8487	fr-FR	Honoré de Balzac	La Vieille fille - Scènes de la vie de province	-	Nouvelles, contes	-	Copyright © 2015-03-05 Ilivri	-	ILIVRI	id02288	epub	Honoré de Balzac	2015-03-05
70696	8437	fr-FR	Pierre Loti	Ramuntcho	-	Romans	-	Copyright © 2014-07-21 Ilivri	-	ILIVRI	9782335003437	epub	Pierre Loti	2014-07-21
41328	7143	fr-FR	Jean de La Fontaine	Contes et nouvelles - Tome IV	-	Nouvelles, contes	-	Copyright © 2015-08-25 Ilivri	-	ILIVRI	id02631	epub	Jean de La Fontaine	2015-08-25
80754	9958	fr-FR	Prosper Mérimée	Mémoires historiques	-	Biographies, mémoires	-	Copyright © 2015-02-27 Ilivri	-	ILIVRI	9782335062953	epub	Prosper Mérimée	2015-02-27
44071	5777	fr-FR	Jules Renard	Poil de Carotte	-	Romans	-	Copyright © 2014-07-21 Ilivri	-	ILIVRI	9782335003772	epub	Jules Renard	2014-07-21
139259	11783	fr-FR	Guy de Maupassant	Bel Ami	-	Romans	-	Copyright © 2014-07-21 Ilivri	-	ILIVRI	9782335005646	epub	Guy de Maupassant	2014-07-21
10114	2060	fr-FR	Madame d’Aulnoy	Le Nain Jaune	-	Nouvelles, contes	-	Copyright © 2015-01-26 Ilivri	-	ILIVRI	9782335063042	epub	Marie-Catherine Le Jumel de Barneville	2015-01-26
109287	12144	fr-FR	Jules Michelet	La Sorcière	-	Histoire	-	Copyright © 2014-09-09 Ilivri	-	ILIVRI	9782335000139	epub	Jules Michelet	2014-09-09
60300	6538	fr-FR	Denis Diderot	Le Fils naturel - ou les Epreuves de la Vertu	-	Romans	-	Copyright © 2014-09-09 Ilivri	-	ILIVRI	9782335000610	epub	Denis Diderot	2014-09-09
40846	6455	fr-FR	Ernest Michel	Le Tour du monde en 240 jours - L’Hindoustan	-	Géographie, tourisme	-	Copyright © 2014-10-31 Ilivri	-	ILIVRI	9782335046649	epub	Ernest Michel	2014-10-31
270834	18740	fr-FR	Marcel Proust	A la recherche du temps perdu - Tome IV - Sodome et Gomorrhe	-	Romans	-	Copyright © 2014-07-21 Ilivri	-	ILIVRI	9782335007657	epub	Marcel Proust	2014-07-21
212041	14915	fr-FR	Émile Gaboriau	La Corde au cou	-	Policier, mystère	-	Copyright © 2014-11-28 Ilivri	-	ILIVRI	9782335046243	epub	Émile Gaboriau	2014-11-28
26485	3879	fr-FR	Pierre-Augustin Caron de Beaumarchais	L'Autre Tartuffe - La Mère coupable	-	Théâtre	-	Copyright © 2015-06-30 Ilivri	-	ILIVRI	id01884	epub	Pierre-Augustin Caron de Beaumarchais	2015-06-30
9109	1698	fr-FR	Molière	L’Amour médecin	-	Théâtre	-	Copyright © 2014-07-21 Ilivri	-	ILIVRI	9782335015232	epub	Jean-Baptiste Poquelin	2014-07-21
33363	5821	fr-FR	Honoré de Balzac	L'Interdiction - Scènes de la vie parisienne	-	Nouvelles, contes	-	Copyright © 2015-03-05 Ilivri	-	ILIVRI	id02292	epub	Honoré de Balzac	2015-03-05
22942	3652	fr-FR	Denis Diderot	Pensées sur l'interprétation de la nature	-	Philosophie	-	Copyright © 2014-09-09 Ilivri	-	ILIVRI	9782335000290	epub	Denis Diderot	2014-09-09
119425	8513	fr-FR	Montesquieu	De l'esprit des lois	-	Documents et essais	-	Copyright © 2015-01-14 Ilivri	-	ILIVRI	9782335015164	epub	Charles-Louis de Secondat, baron de La Brède et de Montesquieu	2015-01-14
71347	8742	fr-FR	Honoré de Balzac	Un début dans la vie - Scènes de la vie privée	-	Romans	-	Copyright © 2015-03-05 Ilivri	-	ILIVRI	id01851	epub	Honoré de Balzac	2015-03-05
339700	21657	fr-FR	Eugène Sue	Les mystères de Paris - Tome II	-	Romans	-	Copyright © 2015-02-27 Ilivri	-	ILIVRI	9782335063202	epub	Marie-Joseph Sue	2015-02-27
21298	3026	fr-FR	Eugène Labiche	Le Voyage de monsieur Perrichon	-	Théâtre	-	Copyright © 2014-07-21 Ilivri	-	ILIVRI	9782335012859	epub	Eugène Labiche	2014-07-21
4487	1279	fr-FR	Stuart Merrill	Les Gammes - Vers	-	-	-	Copyright © 2016 Ilivri	-	ILIVRI	id02658	epub	-	2016
52581	8020	fr-FR	Frédéric Mistral	Mireille - Poème provençal	-	Poésie	-	Copyright © 2014-07-21 Ilivri	-	ILIVRI	9782335012903	epub	Joseph Étienne Frédéric Mistral	2014-07-21
75993	11385	fr-FR	Odette Dulac	La Houille rouge	-	Romans	-	Copyright © 2014-10-31 Ilivri	-	ILIVRI	9782335046670	epub	Jeanne Marie-Claire Latrilhe	2014-10-31
11185	1810	fr-FR	Molière	La Critique de l’Ecole des femmes	-	Documents et essais	-	Copyright © 2014-07-21 Ilivri	-	ILIVRI	9782335012590	epub	Jean-Baptiste Poquelin	2014-07-21
47378	6464	fr-FR	Edmond Rostand	Cyrano de Bergerac	-	Théâtre	-	Copyright © 2014-07-21 Ilivri	-	ILIVRI	9782335003796	epub	Edmond Rostand	2014-07-21
32091	6600	fr-FR	Théophile Gautier	Honoré de Balzac	-	Biographies, mémoires	-	Copyright © 2014-09-04 Ilivri	-	ILIVRI	9782335062793	epub	Théophile Gautier	2014-09-04
1846	704	fr-FR	Guy de Maupassant	L'Orient	-	Nouvelles, contes	-	Copyright © 2015-02-27 Ilivri	-	ILIVRI	id02109	epub	Guy de Maupassant	2015-02-27
56177	9656	fr-FR	Paul Margueritte	Tante Million	-	Romans	-	Copyright © 2015-01-26 Ilivri	-	ILIVRI	9782335063059	epub	Paul Margueritte	2015-01-26
9394	1647	fr-FR	Molière	L'Impromptu de Versailles	-	-	-	Copyright © 2016 Ilivri	-	ILIVRI	id02602	epub	-	2016
1974	666	fr-FR	Guy de Maupassant	Fou ?	-	Nouvelles, contes	-	Copyright © 2015-02-27 Ilivri	-	ILIVRI	id02078	epub	Guy de Maupassant	2015-02-27
21828	3351	fr-FR	Jean Racine	Iphigénie en Aulide	-	Théâtre	-	Copyright © 2014-07-21 Ilivri	-	ILIVRI	9782335062595	epub	Jean Racine	2014-07-21
62257	7612	fr-FR	Guy de Maupassant	Pierre et Jean	-	Romans	-	Copyright © 2014-07-21 Ilivri	-	ILIVRI	9782335008296	epub	Guy de Maupassant	2014-07-21
24829	5777	fr-FR	John-Antoine Nau	Hiers bleus - Poésies	-	Poésie	-	Copyright © 2015-04-03 Ilivri	-	ILIVRI	id02302	epub	Eugène Léon Édouard Torquet	2015-04-03
9274	1753	fr-FR	Madame d’Aulnoy	Finette Cendron	-	Nouvelles, contes	-	Copyright © 2015-01-26 Ilivri	-	ILIVRI	9782335063035	epub	Marie-Catherine Le Jumel de Barneville	2015-01-26
24215	3581	fr-FR	George Sand	Gribouille	-	Jeunesse	-	Copyright © 2014-07-21 Ilivri	-	ILIVRI	9782335012910	epub	Amantine Aurore Lucile Dupin	2014-07-21
87423	10122	fr-FR	Jules Verne	Voyage au centre de la Terre	-	Fantastique, science fiction	-	Copyright © 2014-07-21 Ilivri	-	ILIVRI	9782335007978	epub	Jules Verne	2014-07-21
32475	4965	fr-FR	Voltaire	La Princesse de Babylone	-	Nouvelles, contes	-	Copyright © 2015-06-02 Ilivri	-	ILIVRI	id01743	epub	François-Marie Arouet	2015-06-02
67359	8877	fr-FR	Jules Verne	De la Terre à la Lune - Trajet direct en 97 heures 20 minutes	-	Romans	-	Copyright © 2014-07-21 Ilivri	-	ILIVRI	9782335046199	epub	Jules Verne	2014-07-21
71761	8209	fr-FR	Jules Verne	Autour de la Lune	-	Romans	-	Copyright © 2014-07-21 Ilivri	-	ILIVRI	9782335046205	epub	Jules Verne	2014-07-21
512302	25515	fr-FR	Alexandre Dumas	Grand dictionnaire de cuisine	-	Pratique	-	Copyright © 2014-07-21 Ilivri	-	ILIVRI	9782335032994	epub	Alexandre Dumas	2014-07-21
62382	5701	fr-FR	George Sand	François le Champi	-	Romans	-	Copyright © 2014-07-21 Ilivri	-	ILIVRI	9782335012606	epub	Amantine Aurore Lucile Dupin	2014-07-21
124394	14527	fr-FR	Henri-Félix de Lamothe	Cinq mois chez les Français d’Amérique - Voyage au Canada et à la Rivière Rouge du nord	-	Géographie, tourisme	-	Copyright © 2014-10-31 Ilivri	-	ILIVRI	9782335046618	epub	Henri-Félix de Lamothe	2014-10-31
5828	1591	fr-FR	Olympe de Gouges	 Les Droits de la Femme	-	-	-	Copyright © 2015 Ilivri	-	ILIVRI	9782335046564	epub	-	2015
170599	15441	fr-FR	Ernest Renan	Mélanges d’histoire et de voyages	-	Géographie, tourisme	-	Copyright © 2014-08-14 Ilivri	-	ILIVRI	9782335062724	epub	Joseph Ernest Renan	2014-08-14
72512	9364	fr-FR	Anatole France	Le Crime de Sylvestre Bonnard	-	Policier, mystère	-	Copyright © 2014-11-28 Ilivri	-	ILIVRI	9782335046298	epub	François Anatole  Thibault	2014-11-28
53090	5431	fr-FR	Alexandre Dumas	La Reine Margot	-	Théâtre	-	Copyright © 2014-12-15 Ilivri	-	ILIVRI	id01474	epub	Alexandre Dumas	2014-12-15
41469	8325	fr-FR	Paul Margueritte	Le Printemps tourmenté	-	Romans	-	Copyright © 2015-01-26 Ilivri	-	ILIVRI	9782335063066	epub	Paul Margueritte	2015-01-26
17264	2499	fr-FR	Jean Racine	 La Thébaïde ou Les Frères Ennemis	-	-	-	Copyright © 2015 Ilivri	-	ILIVRI	9782335046472	epub	-	2015
35107	6648	fr-FR	Remy de Gourmont	Le Livre des masques - Portraits symbolistes, gloses et documents sur les écrivains d’hier et d’aujourd’hui	-	Philosophie	-	Copyright © 2014-09-04 Ilivri	-	ILIVRI	9782335062762	epub	Remy de Gourmont	2014-09-04
35798	6786	fr-FR	William Chapman	Les Rayons du Nord - Poésies canadiennes	-	Poésie	-	Copyright © 2015-01-26 Ilivri	-	ILIVRI	9782335063011	epub	William Chapman	2015-01-26
47678	6107	fr-FR	George Sand	La Mare au diable	-	Romans	-	Copyright © 2014-07-21 Ilivri	-	ILIVRI	9782335012613	epub	Amantine Aurore Lucile Dupin	2014-07-21
41888	6215	fr-FR	Ernest Michel	Le Tour du monde en 240 jours - Le Japon	-	Géographie, tourisme	-	Copyright © 2014-10-31 Ilivri	-	ILIVRI	9782335046632	epub	Ernest Michel	2014-10-31
83224	7773	fr-FR	Erckmann-Chatrian	L'ami Fritz	-	Romans	-	Copyright © 2014-07-21 Ilivri	-	ILIVRI	9782335033113	epub	Emile Erckmann	2014-07-21
101781	8326	fr-FR	Alexis de Tocqueville	De la démocratie en Amérique	-	Sciences humaines et politiques, économie	-	Copyright © 2014-07-21 Ilivri	-	ILIVRI	9782335000115	epub	Alexis de Tocqueville	2014-07-21
13109	2872	fr-FR	Stendhal	Souvenirs d’un gentilhomme italien	-	Romans	-	Copyright © 2014-09-19 Ilivri	-	ILIVRI	9782335004151	epub	Henri Beyle	2014-09-19
3741	1092	fr-FR	Émile Zola	Lettre à la jeunesse - L'Affaire Dreyfus	-	Documents et essais	-	Copyright © 2014-07-21 Ilivri	-	ILIVRI	9782335005073	epub	Émile Zola	2014-07-21
10753	3136	fr-FR	John-Antoine Nau	En suivant les goélands	-	Poésie	-	Copyright © 2015-01-26 Ilivri	-	ILIVRI	id02017	epub	Eugène Léon Édouard Torquet	2015-01-26
97572	12763	fr-FR	Théodore de Banville	Les Exilés - Odelettes, Améthystes, Rimes dorées, Rondels, Les Princesses, Trente-six ballades joyeuses	-	-	-	Copyright © 2016 Ilivri	-	ILIVRI	id02771	epub	-	2016
108112	12585	fr-FR	Honoré de Balzac	Scènes de la vie privée et publique des animaux - Tome I	-	Documents et essais	-	Copyright © 2014-09-29 Ilivri	-	ILIVRI	9782335046595	epub	Honoré de Balzac	2014-09-29
105963	10483	fr-FR	Ernest Daudet	Les Reins cassés - Moeurs contemporaines	-	-	-	Copyright © 2016 Ilivri	-	ILIVRI	id03537	epub	-	2016
55402	5663	fr-FR	Comtesse de Ségur	Les Vacances	-	Jeunesse	-	Copyright © 2014-07-21 Ilivri	-	ILIVRI	9782335012798	epub	Sophie Rostopchine	2014-07-21
14644	2633	fr-FR	Anonyme	Farce de Maître Pierre Pathelin 	-	Théâtre	-	Copyright © 2014-09-09 Ilivri	-	ILIVRI	9782335002010	epub	Anonyme	2014-09-09
16307	3776	fr-FR	Charles Cros	 Le Coffret de Santal	-	-	-	Copyright © 2015 Ilivri	-	ILIVRI	9782335046526	epub	-	2015
81959	8552	fr-FR	Alain-Fournier	Le Grand Meaulnes	-	Romans	-	Copyright © 2014-07-21 Ilivri	-	ILIVRI	9782335008258	epub	Henri-Alban Fournier	2014-07-21
214961	16126	fr-FR	Marcel Proust	A la recherche du temps perdu  - Tome I - Du côté de chez Swann	-	Romans	-	Copyright © 2014-07-21 Ilivri	-	ILIVRI	9782335003673	epub	Marcel Proust	2014-07-21
35070	5882	fr-FR	Honoré de Balzac	La Lune de miel - Tome I	-	-	-	Copyright © 2016 Ilivri	-	ILIVRI	id01838	epub	-	2016
26690	4865	fr-FR	Georges Rodenbach	Bruges-la-Morte	-	Romans	-	Copyright © 2015-02-27 Ilivri	-	ILIVRI	9782335063110	epub	Georges Rodenbach	2015-02-27
114958	9943	fr-FR	Denis Diderot	Jacques le Fataliste et son maître	-	Romans	-	Copyright © 2014-07-21 Ilivri	-	ILIVRI	9782335000092	epub	Denis Diderot	2014-07-21
6597	1782	fr-FR	Emile Verhaeren	Débâcles	-	Poésie	-	Copyright © 2015-09-29 Ilivri	-	ILIVRI	id02927	epub	Emile Adolphe Gustave Verhaeren	2015-09-29
74533	9775	fr-FR	Honoré de Balzac	La Muse du département - Scènes de la vie de province	-	Romans	-	Copyright © 2015-03-05 Ilivri	-	ILIVRI	id01852	epub	Honoré de Balzac	2015-03-05
30910	5525	fr-FR	Honoré de Balzac	La Maison Nucingen	-	Romans	-	Copyright © 2015-01-20 Ilivri	-	ILIVRI	id01951	epub	Honoré de Balzac	2015-01-20
20967	3097	fr-FR	Molière	 Dépit amoureux	-	-	-	Copyright © 2015 Ilivri	-	ILIVRI	9782335046489	epub	-	2015
5828	1591	fr-FR	Olympe de Gouges	 Les Droits de la Femme	-	-	-	Copyright © 2015 Ilivri	-	ILIVRI	9782335046564	epub	-	2015
112947	13578	fr-FR	Honoré de Balzac	La Peau de chagrin - Études philosophiques	-	Romans	-	Copyright © 2015-03-05 Ilivri	-	ILIVRI	id02299	epub	Honoré de Balzac	2015-03-05
182760	14359	fr-FR	François Cantagrel	Le Fou du Palais Royal	-	Romans	-	Copyright © 2015-03-27 Ilivri	-	ILIVRI	9782335062700	epub	François Cantagrel	2015-03-27
19639	4489	fr-FR	Joris Karl Huysmans	A vau-l'eau	-	Romans	-	Copyright © 2014-07-21 Ilivri	-	ILIVRI	9782335002850	epub	Joris Karl Huysmans	2014-07-21
103093	9161	fr-FR	Montesquieu	Lettres Persanes	-	-	-	Copyright © 2014 Ilivri	-	ILIVRI	9782335004199	epub	-	2014
79387	9784	fr-FR	Jules Michelet	Les femmes de la Révolution	-	Histoire	-	Copyright © 2014-07-23 Ilivri	-	ILIVRI	9782335062649	epub	Jules Michelet	2014-07-23
71445	8279	fr-FR	Jacques-Henri Bernardin de Saint-Pierre	Paul et Virginie	-	Romans	-	Copyright © 2014-07-21 Ilivri	-	ILIVRI	9782335008289	epub	Jacques-Henri Bernardin de Saint-Pierre	2014-07-21
23970	4126	fr-FR	Gustave Flaubert	Mémoires d'un fou	-	Romans	-	Copyright © 2015-06-30 Ilivri	-	ILIVRI	id01858	epub	Gustave Flaubert	2015-06-30
116314	14219	fr-FR	Théophile Gautier	Le Capitaine Fracasse - Tome premier	-	Jeunesse	-	Copyright © 2014-07-21 Ilivri	-	ILIVRI	9782335012699	epub	Théophile Gautier	2014-07-21
46268	6888	fr-FR	Alphonse de Lamartine	Nouvelles confidences	-	-	-	Copyright © 2016 Ilivri	-	ILIVRI	id02947	epub	-	2016
7161	1597	fr-FR	Stendhal	Le Philtre	-	Nouvelles, contes	-	Copyright © 2014-09-19 Ilivri	-	ILIVRI	9782335004052	epub	Henri Beyle	2014-09-19
59281	5418	fr-FR	Élise de Pressensé	Un petit monde d'enfants	-	Romans	-	Copyright © 2015-08-31 Ilivri	-	ILIVRI	id02906	epub	Élise de Pressensé	2015-08-31
29488	4933	fr-FR	François-René de Chateaubriand	Atala	-	Romans	-	Copyright © 2014-07-21 Ilivri	-	ILIVRI	9782335008050	epub	François-René de Chateaubriand	2014-07-21
370648	17235	fr-FR	Alexandre Dumas	Vingt ans après	-	Romans	-	Copyright © 2014-07-21 Ilivri	-	ILIVRI	9782335015225	epub	Alexandre Dumas	2014-07-21
19931	4210	fr-FR	Jean de La Fontaine	Contes et nouvelles - Tome I	-	Nouvelles, contes	-	Copyright © 2015-08-25 Ilivri	-	ILIVRI	id02628	epub	Jean de La Fontaine	2015-08-25
23005	5582	fr-FR	Arthur Rimbaud	Reliquaire - Poésies	-	Poésie	-	Copyright © 2014-10-31 Ilivri	-	ILIVRI	id01396	epub	Arthur Rimbaud	2014-10-31
10655	2024	fr-FR	Madame d’Aulnoy	Gracieuse et Percinet	-	Nouvelles, contes	-	Copyright © 2015-01-26 Ilivri	-	ILIVRI	9782335063028	epub	Marie-Catherine Le Jumel de Barneville	2015-01-26
211485	15752	fr-FR	Émile Gaboriau	L’Argent des autres	-	Policier, mystère	-	Copyright © 2014-11-28 Ilivri	-	ILIVRI	9782335046304	epub	Émile Gaboriau	2014-11-28
33919	5892	fr-FR	Honoré de Balzac	La Fille aux yeux d'or - Scènes de la vie parisienne	-	Romans	-	Copyright © 2015-03-05 Ilivri	-	ILIVRI	id01937	epub	Honoré de Balzac	2015-03-05
22809	3352	fr-FR	Pierre Corneille	Polyeucte - Martyr	-	Théâtre	-	Copyright © 2014-07-21 Ilivri	-	ILIVRI	9782335015287	epub	Pierre Corneille	2014-07-21
48141	8334	fr-FR	Georges Courteline	Messieurs les ronds-de-cuir - Tableaux-roman de la vie de bureau	-	Romans	-	Copyright © 2014-12-05 Ilivri	-	ILIVRI	9782335062939	epub	Georges Courteline	2014-12-05
120207	8084	fr-FR	François de La Rochefoucauld	Maximes, mémoires et lettres	-	Biographies, mémoires	-	Copyright © 2015-06-30 Ilivri	-	ILIVRI	id01444	epub	François duc de La Rochefoucauld	2015-06-30
8392	1873	fr-FR	Alfred de Musset	La Nuit vénitienne - ou Les Noces de Laurette	-	Théâtre	-	Copyright © 2015-09-29 Ilivri	-	ILIVRI	id01441	epub	Alfred de Musset	2015-09-29
98253	13001	fr-FR	Gérard de Nerval	La Bohème galante	-	Nouvelles, contes	-	Copyright © 2014-09-04 Ilivri	-	ILIVRI	id00829	epub	Gérard  Labrunie	2014-09-04
156719	12590	fr-FR	Émile Gaboriau	Le crime d’Orcival	-	Romans	-	Copyright © 2015-03-27 Ilivri	-	ILIVRI	9782335062755	epub	Émile Gaboriau	2015-03-27
19252	2912	fr-FR	Jean Racine	 Bajazet	-	-	-	Copyright © 2015 Ilivri	-	ILIVRI	9782335046465	epub	-	2015
18011	3517	fr-FR	Pierre Loti	L'Exilée	-	Romans	-	Copyright © 2014-11-28 Ilivri	-	ILIVRI	9782335003116	epub	Louis Marie Julien Viaud	2014-11-28
174436	17512	fr-FR	Alphonse Daudet	Le Nabab - Moeurs parisiennes	-	Documents et essais	-	Copyright © 2015-09-30 Ilivri	-	ILIVRI	id02963	epub	Alphonse Daudet	2015-09-30
110348	12129	fr-FR	Alphonse Daudet	Jack - Moeurs contemporaines - Tome I	-	-	-	Copyright © 2016 Ilivri	-	ILIVRI	id01639	epub	-	2016
19341	3269	fr-FR	Jean de La Fontaine	Ragotin ou le Roman comique - Comédie	-	-	-	Copyright © 2016 Ilivri	-	ILIVRI	id02611	epub	-	2016
16420	2846	fr-FR	Stendhal	Mina de Vanghel	-	Romans	-	Copyright © 2014-09-19 Ilivri	-	ILIVRI	9782335004113	epub	Henri Beyle	2014-09-19
80174	10072	fr-FR	Théophile Gautier	Les Jeunes France - romans goguenards	-	Histoire	-	Copyright © 2014-09-29 Ilivri	-	ILIVRI	9782335046373	epub	Théophile Gautier	2014-09-29
41671	5686	fr-FR	Alphonse Allais	L’affaire Blaireau	-	Romans	-	Copyright © 2014-07-21 Ilivri	-	ILIVRI	9782335001976	epub	Alphonse Allais	2014-07-21
22250	3304	fr-FR	Georges Rodenbach	Le Mirage	-	Théâtre	-	Copyright © 2014-07-21 Ilivri	-	ILIVRI	9782335012934	epub	Georges Rodenbach	2014-07-21
7205	1814	fr-FR	Prosper Mérimée	Mateo Falcone	-	Nouvelles, contes	-	Copyright © 2015-02-27 Ilivri	-	ILIVRI	9782335062960	epub	Prosper Mérimée	2015-02-27
125066	11007	fr-FR	Paul Féval	Les Errants de la nuit	-	Policier, mystère	-	Copyright © 2014-11-28 Ilivri	-	ILIVRI	9782335046274	epub	Paul Féval	2014-11-28
183195	16821	fr-FR	Edmond de Goncourt	Manette Salomon	-	Romans	-	Copyright © 2014-07-21 Ilivri	-	ILIVRI	9782335032314	epub	Edmond de Goncourt	2014-07-21
128998	10490	fr-FR	Hector Malot	En famille	-	Romans	-	Copyright © 2015-02-27 Ilivri	-	ILIVRI	9782335063189	epub	Hector-Henri Malot	2015-02-27
16631	3280	fr-FR	François-René de Chateaubriand	Les Aventures du dernier Abencérage	-	Nouvelles, contes	-	Copyright © 2014-07-21 Ilivri	-	ILIVRI	9782335032703	epub	François-René de Chateaubriand	2014-07-21
5728	1210	fr-FR	Pierre-Augustin Caron de Beaumarchais	Almaviva et Rosine - Pantomime en trois actes, mêlée de danses	-	Théâtre	-	Copyright © 2015-01-20 Ilivri	-	ILIVRI	id01972	epub	Pierre-Augustin Caron de Beaumarchais	2015-01-20
63249	9225	fr-FR	Théophile Gautier	Spirite	-	Romans	-	Copyright © 2014-09-04 Ilivri	-	ILIVRI	9782335046427	epub	Théophile Gautier	2014-09-04
1550	616	fr-FR	Guy de Maupassant	L'Aveugle	-	Nouvelles, contes	-	Copyright © 2015-02-27 Ilivri	-	ILIVRI	id02145	epub	Guy de Maupassant	2015-02-27
10751	2278	fr-FR	Victor Hugo	Claude Gueux	-	Romans	-	Copyright © 2014-07-21 Ilivri	-	ILIVRI	9782335002638	epub	Victor Hugo	2014-07-21
43148	7294	fr-FR	J.-H. Rosny aîné	Vamireh - Roman des temps primitifs	-	Jeunesse	-	Copyright © 2014-07-21 Ilivri	-	ILIVRI	9782335012965	epub	Joseph Henri Honoré Boex	2014-07-21
134981	11322	fr-FR	Jules Verne	Michel Strogoff, Moscou, Irkoutsk	-	-	-	Copyright © 2015 Ilivri	-	ILIVRI	9782335062861	epub	-	2015
106189	10908	fr-FR	Alphonse de Lamartine	Méditations poétiques	-	Poésie	-	Copyright © 2014-07-21 Ilivri	-	ILIVRI	9782335012644	epub	Alphonse de Lamartine	2014-07-21
28116	4055	fr-FR	Gustave Flaubert	Le Candidat - Comédie en quatre actes	-	-	-	Copyright © 2015 Ilivri	-	ILIVRI	9782335062731	epub	-	2015
55742	7188	fr-FR	Guy de Maupassant	Le Horla	-	Romans	-	Copyright © 2014-07-21 Ilivri	-	ILIVRI	9782335007640	epub	Guy de Maupassant	2014-07-21
78204	10889	fr-FR	Jean Giraudoux	Suzanne et le Pacifique	-	Romans	-	Copyright © 2015-01-26 Ilivri	-	ILIVRI	id02012	epub	Hippolyte Jean Giraudoux	2015-01-26
66657	8215	fr-FR	Jules Verne	Le Château des Carpathes	-	Romans	-	Copyright © 2014-07-21 Ilivri	-	ILIVRI	9782335046182	epub	Jules Verne	2014-07-21
31684	4323	fr-FR	Denis Diderot	Entretiens entre Diderot et d'Alembert	-	Philosophie	-	Copyright © 2014-09-09 Ilivri	-	ILIVRI	9782335000313	epub	Denis Diderot	2014-09-09
47931	7029	fr-FR	Eugène Dabit	L’Hôtel du Nord	-	Romans	-	Copyright © 2014-12-15 Ilivri	-	ILIVRI	id01506	epub	Eugène Dabit	2014-12-15
22707	3687	fr-FR	Denis Diderot	Supplément du Voyage de Bougainville - ou Dialogue entre A. et B.	-	Romans	-	Copyright © 2014-09-09 Ilivri	-	ILIVRI	id00032	epub	Denis Diderot	2014-09-09
26866	6033	fr-FR	de Heredia José-Maria	Les Trophées	-	-	-	Copyright © 2014 Ilivri	-	ILIVRI	9782335002492	epub	-	2014
103976	10174	fr-FR	Gaston Leroux	L’Epouse du soleil	-	Policier, mystère	-	Copyright © 2014-07-21 Ilivri	-	ILIVRI	9782335032673	epub	Gaston Leroux	2014-07-21
259155	21612	fr-FR	Victor Hugo	L’Homme qui rit	-	Romans	-	Copyright © 2014-07-21 Ilivri	-	ILIVRI	9782335002676	epub	Victor Hugo	2014-07-21
19637	4257	fr-FR	Jean de La Fontaine	Contes et nouvelles - Tome V	-	Nouvelles, contes	-	Copyright © 2015-08-25 Ilivri	-	ILIVRI	id02632	epub	Jean de La Fontaine	2015-08-25
8592	2123	fr-FR	Jules Verne	Les Révoltés de la "Bounty"	-	-	-	Copyright © 2015 Ilivri	-	ILIVRI	9782335062908	epub	-	2015
60956	8313	fr-FR	Charles Derennes	Cassinou va-t-en guerre	-	Histoire première guerre mondiale	-	Copyright © 2014-07-21 Ilivri	-	ILIVRI	9782335015485	epub	Charles Derennes	2014-07-21
22106	2954	fr-FR	Pierre Corneille	Nicomède	-	Théâtre	-	Copyright © 2014-07-21 Ilivri	-	ILIVRI	9782335015270	epub	Pierre Corneille	2014-07-21
69252	8351	fr-FR	Stendhal	Rome, Naples et Florence - Tome I	-	Nouvelles, contes	-	Copyright © 2014-09-04 Ilivri	-	ILIVRI	9782335062656	epub	Henri Beyle	2014-09-04
13788	3199	fr-FR	Emile Verhaeren	Les Villes tentaculaires	-	Poésie	-	Copyright © 2015-02-27 Ilivri	-	ILIVRI	9782335063172	epub	Emile Adolphe Gustave Verhaeren	2015-02-27
36717	4800	fr-FR	Voltaire	Œdipe	-	-	-	Copyright © 2016 Ilivri	-	ILIVRI	id02657	epub	-	2016
68434	5719	fr-FR	Johanna Spyri	Heidi - Une histoire pour les enfants et pour ceux qui les aiment	-	Jeunesse	-	Copyright © 2015-02-27 Ilivri	-	ILIVRI	9782335063219	epub	Johanna Spyri	2015-02-27
15958	2721	fr-FR	Molière	Monsieur de Pourceaugnac	-	-	-	Copyright © 2015 Ilivri	-	ILIVRI	9782335046502	epub	-	2015
204706	15846	fr-FR	Marcel Proust	A la recherche du temps perdu - Tome V - La Prisonnière	-	Romans	-	Copyright © 2014-07-21 Ilivri	-	ILIVRI	9782335007664	epub	Marcel Proust	2014-07-21
22974	3775	fr-FR	Stuart Merrill	Les quatre saisons - Poèmes	-	-	-	Copyright © 2016 Ilivri	-	ILIVRI	id02648	epub	-	2016
1779	662	fr-FR	Guy de Maupassant	La Veillée	-	Nouvelles, contes	-	Copyright © 2015-02-27 Ilivri	-	ILIVRI	id02144	epub	Guy de Maupassant	2015-02-27
30418	6417	fr-FR	Charles Baudelaire	Les Fleurs du mal	-	Poésie	-	Copyright © 2014-07-21 Ilivri	-	ILIVRI	9782335002133	epub	Charles Baudelaire	2014-07-21
69619	9488	fr-FR	Jules Michelet	Notre France - Sa géographie, son histoire	-	Géographie, tourisme	-	Copyright © 2014-07-21 Ilivri	-	ILIVRI	9782335000122	epub	Jules Michelet	2014-07-21
175274	13699	fr-FR	George Sand	Le compagnon du Tour de France	-	Romans	-	Copyright © 2015-06-03 Ilivri	-	ILIVRI	id01811	epub	Amantine Aurore Lucile Dupin	2015-06-03
53816	8181	fr-FR	Gustave Flaubert	La tentation de Saint Antoine	-	-	-	Copyright © 2015 Ilivri	-	ILIVRI	9782335062748	epub	-	2015
92271	9814	fr-FR	Adolphe-Basile Routhier	Les Grands Drames	-	Documents et essais	-	Copyright © 2015-01-26 Ilivri	-	ILIVRI	id01994	epub	Adolphe Basile Routhier	2015-01-26
25630	4838	fr-FR	Honoré de Balzac	La Maison du chat-qui-pelote	-	Romans	-	Copyright © 2014-07-21 Ilivri	-	ILIVRI	9782335015294	epub	Honoré de Balzac	2014-07-21
98442	9764	fr-FR	Maurice Leblanc	L’Eclat d’obus	-	Policier, mystère	-	Copyright © 2014-07-21 Ilivri	-	ILIVRI	9782335046229	epub	Maurice Leblanc	2014-07-21
19118	3239	fr-FR	Pierre Corneille	L’Illusion comique	-	Théâtre	-	Copyright © 2014-07-21 Ilivri	-	ILIVRI	9782335034554	epub	Pierre Corneille	2014-07-21
82176	9343	fr-FR	Remy de Gourmont	Épilogues - Réflexions sur la vie - 1905-1907	-	Documents et essais	-	Copyright © 2014-10-31 Ilivri	-	ILIVRI	9782335062885	epub	Remy de Gourmont	2014-10-31
7721	2349	fr-FR	Jules Laforgue	L’Imitation de Notre-Dame la Lune	-	-	-	Copyright © 2015 Ilivri	-	ILIVRI	id00994	epub	-	2015
48688	6624	fr-FR	Alphonse de Lamartine	Graziella	-	-	-	Copyright 2015 ILIVRI. All rights reserved.	-	ILIVRI	9782335063103	epub	-	2015
46652	7570	fr-FR	Alphonse Allais	A se tordre  - Histoires chatnoiresques	-	Romans	-	Copyright © 2014-09-09 Ilivri	-	ILIVRI	9782335001952	epub	Alphonse Allais	2014-09-09
26274	3234	fr-FR	Eugène Labiche	Le Plus Heureux des trois	-	Théâtre	-	Copyright © 2014-07-21 Ilivri	-	ILIVRI	9782335012842	epub	Eugène Labiche	2014-07-21
20672	3411	fr-FR	Voltaire	L'Enfant prodigue - Comédie	-	Théâtre	-	Copyright © 2015-01-26 Ilivri	-	ILIVRI	id02040	epub	François-Marie Arouet	2015-01-26
90129	10729	fr-FR	Louis Pergaud	La Guerre des boutons	-	Romans	-	Copyright © 2014-12-15 Ilivri	-	ILIVRI	id01511	epub	Louis Pergaud	2014-12-15
32770	4254	fr-FR	Denis Diderot	Paradoxe sur le comédien	-	Documents et essais	-	Copyright © 2014-07-21 Ilivri	-	ILIVRI	9782335000788	epub	Denis Diderot	2014-07-21
41662	6849	fr-FR	Raymond Roussel	La Vue	-	Romans	-	Copyright © 2014-07-21 Ilivri	-	ILIVRI	9782335003871	epub	Raymond Roussel	2014-07-21
14613	2760	fr-FR	Émile Zola	L’Attaque du Moulin - Les Soirées de Médan	-	-	-	Copyright © 2016 Ilivri	-	ILIVRI	id00999	epub	-	2016
22285	3348	fr-FR	Pierre-Augustin Caron de Beaumarchais	Eugénie	-	Théâtre	-	Copyright © 2015-06-30 Ilivri	-	ILIVRI	id01895	epub	Pierre-Augustin Caron de Beaumarchais	2015-06-30
97941	13763	fr-FR	Auguste Villiers de l’Isle-Adam	Contes Cruels	-	Nouvelles, contes	-	Copyright © 2014-07-21 Ilivri	-	ILIVRI	9782335012736	epub	Auguste Villiers de l’Isle-Adam	2014-07-21
51007	8104	fr-FR	Jean de La Fontaine	Contes et nouvelles - Tome II	-	Nouvelles, contes	-	Copyright © 2015-08-25 Ilivri	-	ILIVRI	id02629	epub	Jean de La Fontaine	2015-08-25
77055	8641	fr-FR	Maurice Leblanc 	Les Confidences d'Arsène Lupin	-	Policier, mystère	-	Copyright © 2014-07-21 Ilivri	-	ILIVRI	9782335008005	epub	Maurice Leblanc 	2014-07-21
84291	10756	fr-FR	Remy de Gourmont	Épilogues - Réflexions sur la vie - 1902-1904	-	Documents et essais	-	Copyright © 2014-10-09 Ilivri	-	ILIVRI	9782335062816	epub	Remy de Gourmont	2014-10-09
105965	11427	fr-FR	Alphonse Daudet	Jack - Moeurs contemporaines - Tome II	-	-	-	Copyright © 2016 Ilivri	-	ILIVRI	id01641	epub	-	2016
46363	6260	fr-FR	Hercule-Savinien Cyrano de Bergerac	L’Autre Monde - ou Les Etats et empires de la Lune	-	Jeunesse	-	Copyright © 2014-07-21 Ilivri	-	ILIVRI	9782335012804	epub	Hercule-Savinien Cyrano de Bergerac	2014-07-21
42201	7132	fr-FR	Marcel Schwob	Le Roi au masque d’or	-	Romans	-	Copyright © 2014-07-21 Ilivri	-	ILIVRI	9782335003918	epub	Marcel Schwob	2014-07-21
24342	3908	fr-FR	Prosper Mérimée	Carmen	-	Nouvelles, contes	-	Copyright © 2014-07-21 Ilivri	-	ILIVRI	9782335003574	epub	Prosper Mérimée	2014-07-21
51379	8104	fr-FR	Remy de Gourmont	Épilogue - Réflexions sur la vie 1905-1912	-	Documents et essais	-	Copyright © 2014-09-04 Ilivri	-	ILIVRI	9782335062779	epub	Remy de Gourmont	2014-09-04
177147	9781	fr-FR	Pierre Choderlos de Laclos	Les Liaisons dangereuses	-	Romans	-	Copyright © 2014-07-21 Ilivri	-	ILIVRI	9782335000016	epub	Pierre Choderlos de Laclos	2014-07-21
60561	6321	fr-FR	Raymond Roussel	La Doublure	-	Romans	-	Copyright © 2014-07-21 Ilivri	-	ILIVRI	9782335003857	epub	Raymond Roussel	2014-07-21
64935	8508	fr-FR	Pierre Loti	Aziyadé	-	Romans	-	Copyright © 2014-07-21 Ilivri	-	ILIVRI	9782335002959	epub	Pierre Loti	2014-07-21
26310	4135	fr-FR	Voltaire	Zaïre - Tragédie	-	Théâtre	-	Copyright © 2015-01-26 Ilivri	-	ILIVRI	id02031	epub	François-Marie Arouet	2015-01-26
11236	1973	fr-FR	Pierre Carlet de Marivaux	L’Ile des esclaves	-	Théâtre	-	Copyright © 2014-07-21 Ilivri	-	ILIVRI	9782335008319	epub	Pierre Carlet de Marivaux	2014-07-21
323961	21331	fr-FR	Eugène Sue	Les mystères de Paris - Tome I	-	Romans	-	Copyright © 2015-02-27 Ilivri	-	ILIVRI	9782335063196	epub	Marie-Joseph Sue	2015-02-27
26136	5850	fr-FR	Joris Karl Huysmans	Le Drageoir aux épices - suivi de Pages retrouvées	-	Romans	-	Copyright © 2014-07-21 Ilivri	-	ILIVRI	9782335002836	epub	Joris Karl Huysmans	2014-07-21
78186	9788	fr-FR	J.-H. Rosny aîné	La Luciole	-	Jeunesse	-	Copyright © 2014-07-21 Ilivri	-	ILIVRI	9782335012989	epub	Joseph Henri Honoré Boex	2014-07-21
33371	4639	fr-FR	Voltaire	Zadig ou La Destinée	-	Nouvelles, contes	-	Copyright © 2015-06-02 Ilivri	-	ILIVRI	id01742	epub	François-Marie Arouet	2015-06-02
70400	7593	fr-FR	Pierre Loti	Pêcheur d'Islande	-	Romans	-	Copyright © 2014-07-21 Ilivri	-	ILIVRI	9782335012569	epub	Pierre Loti	2014-07-21
213841	10001	fr-FR	Anonyme	Les Mille et une nuits - Tome II	-	Nouvelles, contes	-	Copyright © 2014-09-09 Ilivri	-	ILIVRI	9782335007459	epub	Anonyme	2014-09-09
115700	11165	fr-FR	Alphonse Daudet	Fromont jeune et Risler aîné - Moeurs parisiennes	-	-	-	Copyright © 2016 Ilivri	-	ILIVRI	id03743	epub	-	2016
15035	2764	fr-FR	Emile Verhaeren	Philippe II	-	-	-	Copyright © 2016 Ilivri	-	ILIVRI	id02934	epub	-	2016
20169	3133	fr-FR	Jean Racine	Mithridate	-	Théâtre	-	Copyright © 2014-07-21 Ilivri	-	ILIVRI	9782335046175	epub	Jean Racine	2014-07-21
196297	14092	fr-FR	Émile Zola	Au Bonheur des Dames	-	Romans	-	Copyright © 2014-07-21 Ilivri	-	ILIVRI	9782335004755	epub	Émile Zola	2014-07-21
50470	7000	fr-FR	Jules Renard	L'Écornifleur	-	Romans	-	Copyright © 2015-06-30 Ilivri	-	ILIVRI	id01828	epub	Jules Renard	2015-06-30
51672	9713	fr-FR	Charles Nodier	Histoire du Roi de Bohême et de ses Sept Châteaux	-	Jeunesse	-	Copyright © 2014-07-21 Ilivri	-	ILIVRI	9782335012774	epub	Jean-Charles-Emmanuel Nodier	2014-07-21
33749	5018	fr-FR	Victor Hugo	Le Dernier Jour d’un condamné	-	Nouvelles, contes	-	Copyright © 2014-07-21 Ilivri	-	ILIVRI	9782335002713	epub	Victor Hugo	2014-07-21
8647	1810	fr-FR	Voltaire	Micromégas - Histoire philosophique	-	Nouvelles, contes	-	Copyright © 2015-06-02 Ilivri	-	ILIVRI	id01745	epub	François-Marie Arouet	2015-06-02
64975	8374	fr-FR	Anatole France	Thaïs	-	Romans	-	Copyright © 2014-09-04 Ilivri	-	ILIVRI	9782335046458	epub	François Anatole Thibault	2014-09-04
25626	4192	fr-FR	Delphine de Girardin	L’Ecole des journalistes	-	Théâtre	-	Copyright © 2014-07-21 Ilivri	-	ILIVRI	9782335012811	epub	Delphine de Girardin	2014-07-21
26105	3570	fr-FR	Pierre Corneille	Rodogune - Princesse des Parthes	-	Théâtre	-	Copyright © 2014-07-21 Ilivri	-	ILIVRI	9782335032345	epub	Pierre Corneille	2014-07-21
9921	2042	fr-FR	Stendhal	Le Coffre et le revenant	-	Nouvelles, contes	-	Copyright © 2014-09-19 Ilivri	-	ILIVRI	9782335004014	epub	Henri Beyle	2014-09-19
21501	4130	fr-FR	Champfleury	Chien-Caillou - Fantaisies d’hiver	-	-	-	Copyright © 2015 Ilivri	-	ILIVRI	9782335062717	epub	-	2015
65751	6032	fr-FR	Comtesse de Ségur	Les Petites Filles modèles	-	Jeunesse	-	Copyright © 2014-07-21 Ilivri	-	ILIVRI	9782335007510	epub	Sophie  Rostopchine	2014-07-21
89113	9909	fr-FR	Remy de Gourmont	Épilogues - Réflexions sur la vie - 1907-1910	-	Documents et essais	-	Copyright © 2014-10-31 Ilivri	-	ILIVRI	9782335062878	epub	Remy de Gourmont	2014-10-31
135072	11469	fr-FR	Eugène Le Roy	Jacquou le croquant	-	Jeunesse	-	Copyright © 2014-07-21 Ilivri	-	ILIVRI	9782335012712	epub	Eugène Le Roy	2014-07-21
62709	8542	fr-FR	Honoré de Balzac	Séraphîta	-	Philosophie	-	Copyright © 2015-06-03 Ilivri	-	ILIVRI	id01803	epub	Honoré de Balzac	2015-06-03
994	370	fr-FR	Charles Nodier	Histoire du chien de Brisquet	-	Jeunesse	-	Copyright © 2014-07-21 Ilivri	-	ILIVRI	9782335012781	epub	Jean-Charles-Emmanuel Nodier	2014-07-21
83095	9144	fr-FR	George Sand	La Marquise – Lavinia – Metella – Mattea	-	Nouvelles, contes	-	Copyright © 2015-06-03 Ilivri	-	ILIVRI	id01662	epub	Amantine Aurore Lucile Dupin	2015-06-03
83157	9422	fr-FR	Maurice Leblanc 	La Demoiselle aux yeux verts	-	Policier, mystère	-	Copyright © 2014-11-28 Ilivri	-	ILIVRI	9782335046342	epub	Maurice Leblanc 	2014-11-28
223747	14611	fr-FR	Émile Zola	La Terre	-	Romans	-	Copyright © 2014-07-21 Ilivri	-	ILIVRI	9782335004991	epub	Émile Zola	2014-07-21
59558	8640	fr-FR	Anatole France	L’Orme du mail	-	Romans	-	Copyright © 2014-09-04 Ilivri	-	ILIVRI	9782335046441	epub	François Anatole Thibault	2014-09-04
15418	2271	fr-FR	Delphine de Girardin	La Joie fait peur	-	Théâtre	-	Copyright © 2014-07-21 Ilivri	-	ILIVRI	9782335012828	epub	Delphine de Girardin	2014-07-21
175153	13288	fr-FR	Jules Verne	Voyages et aventures du capitaine Hatteras	-	Nouvelles, contes	-	Copyright © 2014-11-28 Ilivri	-	ILIVRI	9782335046212	epub	Jules Verne	2014-11-28
19241	2927	fr-FR	Alfred de Musset	Il ne faut jurer de rien	-	Théâtre	-	Copyright © 2015-09-29 Ilivri	-	ILIVRI	id01448	epub	Alfred de Musset	2015-09-29
74387	11397	fr-FR	Remy de Gourmont	Épilogues - Réflexions sur la vie - 1895-1898	-	Documents et essais	-	Copyright © 2014-10-31 Ilivri	-	ILIVRI	9782335062892	epub	Remy de Gourmont	2014-10-31
104919	10767	fr-FR	Louis Pergaud	Le Roman de Miraut - Chien de chasse	-	Romans	-	Copyright © 2015-01-26 Ilivri	-	ILIVRI	9782335063080	epub	Louis Pergaud	2015-01-26
44085	4209	fr-FR	Comtesse de Ségur	Les Malheurs de Sophie	-	Jeunesse	-	Copyright © 2014-07-21 Ilivri	-	ILIVRI	9782335007480	epub	Sophie  Rostopchine	2014-07-21
151644	12702	fr-FR	Émile Zola	La Fortune des Rougon	-	Romans	-	Copyright © 2014-07-21 Ilivri	-	ILIVRI	9782335004953	epub	Émile Zola	2014-07-21
159041	15639	fr-FR	Théophile Gautier	Nouvelles	-	Nouvelles, contes	-	Copyright © 2014-07-21 Ilivri	-	ILIVRI	9782335033106	epub	Théophile Gautier	2014-07-21
74310	6995	fr-FR	Fénelon	Les Aventures de Télémaque - Livre premier	-	Jeunesse	-	Copyright © 2014-07-21 Ilivri	-	ILIVRI	9782335012880	epub	François de Salignac de La Mothe-Fénelon	2014-07-21
2353	761	fr-FR	Guy de Maupassant	L'Attente	-	Nouvelles, contes	-	Copyright © 2015-03-05 Ilivri	-	ILIVRI	id02164	epub	Guy de Maupassant	2015-03-05
50646	7110	fr-FR	Romain Rolland	Par la révolution, la paix	-	Documents et essais	-	Copyright © 2015-02-27 Ilivri	-	ILIVRI	9782335063127	epub	Romain Rolland	2015-02-27
18403	2894	fr-FR	Alfred de Musset	On ne badine pas avec l'amour	-	Romans	-	Copyright © 2015-06-30 Ilivri	-	ILIVRI	id01436	epub	Alfred de Musset	2015-06-30
18594	4619	fr-FR	Paul Verlaine	 Les Poètes Maudits - NOUVELLE ÉDITION Ornée de six portraits par Luque	-	-	-	Copyright © 2015 Ilivri	-	ILIVRI	9782335046557	epub	-	2015
13779	3200	fr-FR	Joris Karl Huysmans	Sac au dos - Les Soirées de Médan	-	-	-	Copyright © 2016 Ilivri	-	ILIVRI	id01001	epub	-	2016
100013	10655	fr-FR	Honoré de Balzac	Ursule Mirouët - Scènes de la vie de province	-	Romans	-	Copyright © 2015-03-05 Ilivri	-	ILIVRI	id01857	epub	Honoré de Balzac	2015-03-05
111808	12932	fr-FR	Adolphe-Basile Routhier	A travers l'Espagne - Lettres de voyage	-	Géographie, tourisme	-	Copyright © 2015-06-30 Ilivri	-	ILIVRI	id02589	epub	Adolphe Basile Routhier	2015-06-30
92935	7956	fr-FR	Fénelon	Les Aventures de Télémaque - Livre second	-	Jeunesse	-	Copyright © 2014-07-21 Ilivri	-	ILIVRI	9782335012897	epub	François de Salignac de La Mothe-Fénelon	2014-07-21
79003	7319	fr-FR	Hector Malot 	Sans famille - Tome second	-	Jeunesse	-	Copyright © 2014-07-21 Ilivri	-	ILIVRI	9782335012958	epub	Hector-Henri Malot	2014-07-21
115577	11345	fr-FR	Honoré de Balzac	Le Père Goriot - Scènes de la vie privée	-	Romans	-	Copyright © 2014-07-21 Ilivri	-	ILIVRI	9782335005332	epub	Honoré de Balzac	2014-07-21
187147	13451	fr-FR	Ernest Renan	L’avenir de la science - Pensées de 1848	-	Philosophie	-	Copyright © 2014-09-04 Ilivri	-	ILIVRI	9782335062786	epub	Joseph Ernest Renan	2014-09-04
99551	10697	fr-FR	Honoré de Balzac	Les Petits Bourgeois - Scènes de la vie parisienne – Tome I	-	Romans	-	Copyright © 2015-06-03 Ilivri	-	ILIVRI	id01835	epub	Honoré de Balzac	2015-06-03
79941	9379	fr-FR	Maurice Leblanc	L’Aiguille creuse	-	Policier, mystère	-	Copyright © 2014-07-21 Ilivri	-	ILIVRI	9782335008227	epub	Maurice Leblanc	2014-07-21
5930	1605	fr-FR	Honoré de Balzac	Tony sans soin - suivi de : Un partage qui coûte cher - L'Ours et le Bûcheron - Fleurette	-	Nouvelles, contes	-	Copyright © 2015-06-30 Ilivri	-	ILIVRI	id01848	epub	Honoré de Balzac	2015-06-30
299783	17972	fr-FR	Paul Féval	Les Belles-de-nuit	-	Policier, mystère	-	Copyright © 2014-11-28 Ilivri	-	ILIVRI	9782335046267	epub	Paul Féval	2014-11-28
95350	11627	fr-FR	Gérard de Nerval	Les Filles du feu	-	Nouvelles, contes	-	Copyright © 2014-07-21 Ilivri	-	ILIVRI	9782335003635	epub	Gérard de Nerval	2014-07-21
15666	3022	fr-FR	Jean Racine	Esther	-	Théâtre	-	Copyright © 2014-07-21 Ilivri	-	ILIVRI	9782335046168	epub	Jean Racine	2014-07-21
2625	935	fr-FR	Paul Verlaine	Chair - Dernières poésies	-	Poésie	-	Copyright © 2015-06-30 Ilivri	-	ILIVRI	id01914	epub	Paul Verlaine	2015-06-30
252735	18641	fr-FR	Jules Verne	Les Enfants du Capitaine Grant - Voyage autour du monde	-	-	-	Copyright © 2015 Ilivri	-	ILIVRI	9782335062847	epub	-	2015
15002	2027	fr-FR	Molière	George Dandin ou Le mari confondu	-	-	-	Copyright © 2015 Ilivri	-	ILIVRI	9782335046496	epub	-	2015
133922	15506	fr-FR	Théophile Gautier	Romans et Contes	-	Romans	-	Copyright © 2014-07-21 Ilivri	-	ILIVRI	9782335002454	epub	Théophile Gautier	2014-07-21
110007	8711	fr-FR	Gaston Leroux	Le Mystère de la chambre jaune	-	Policier, mystère	-	Copyright © 2014-07-21 Ilivri	-	ILIVRI	9782335008241	epub	Gaston Leroux	2014-07-21
6475	1285	fr-FR	Jeanne-Marie Leprince de Beaumont	La Belle et la Bête	-	Jeunesse	-	Copyright © 2014-07-21 Ilivri	-	ILIVRI	9782335008333	epub	Jeanne-Marie Leprince de Beaumont	2014-07-21
231121	10251	fr-FR	Anonyme	Les Mille et une nuits - Tome III	-	Nouvelles, contes	-	Copyright © 2014-09-09 Ilivri	-	ILIVRI	9782335007466	epub	Anonyme	2014-09-09
60093	8417	fr-FR	Alphonse Daudet	Lettres de mon moulin	-	Romans	-	Copyright © 2014-07-21 Ilivri	-	ILIVRI	9782335002270	epub	Alphonse Daudet	2014-07-21
63345	8310	fr-FR	Honoré de Balzac	La Duchesse de Langeais - Scènes de la vie parisienne	-	-	-	Copyright © 2016 Ilivri	-	ILIVRI	id01502	epub	-	2016
29261	4361	fr-FR	Voltaire	L’Ingénu	-	Philosophie	-	Copyright © 2014-07-21 Ilivri	-	ILIVRI	9782335012620	epub	François-Marie Arouet	2014-07-21
81870	10355	fr-FR	Jules Vallès	Les Réfractaires	-	Romans	-	Copyright © 2014-09-04 Ilivri	-	ILIVRI	9782335062809	epub	Jules Louis Joseph Vallez	2014-09-04
75213	9365	fr-FR	Jules Verne	Les Tribulations d'un Chinois en Chine	-	-	-	Copyright © 2015 Ilivri	-	ILIVRI	9782335062854	epub	-	2015
95968	10885	fr-FR	Jules Verne	Claudius Bombarnac	-	Romans	-	Copyright © 2014-07-21 Ilivri	-	ILIVRI	9782335015324	epub	Jules Verne	2014-07-21
142121	12091	fr-FR	Maurice Leblanc 	813	-	Policier, mystère	-	Copyright © 2014-11-28 Ilivri	-	ILIVRI	9782335046250	epub	Maurice Leblanc 	2014-11-28
9710	1836	fr-FR	Jean de La Fontaine	La Coupe enchantée - Comédie	-	-	-	Copyright © 2016 Ilivri	-	ILIVRI	id02613	epub	-	2016
2237	759	fr-FR	Guy de Maupassant	Par un soir de printemps	-	Nouvelles, contes	-	Copyright © 2015-02-27 Ilivri	-	ILIVRI	id02143	epub	Guy de Maupassant	2015-02-27
129673	11736	fr-FR	Gustave Flaubert	Salammbô	-	-	-	Copyright © 2016 Ilivri	-	ILIVRI	id01855	epub	-	2016
76222	11642	fr-FR	Stéphane Mallarmé	 Divagations	-	-	-	Copyright © 2015 Ilivri	-	ILIVRI	9782335046533	epub	-	2015
32445	6038	fr-FR	Alphonse Allais	Le Parapluie de l’escouade	-	Romans	-	Copyright © 2014-07-21 Ilivri	-	ILIVRI	9782335015331	epub	Alphonse Allais	2014-07-21
82533	11833	fr-FR	Pierre de Ronsard	Oeuvres choisies	-	Poésie	-	Copyright © 2014-07-21 Ilivri	-	ILIVRI	9782335000153	epub	Pierre de Ronsard	2014-07-21
1337	504	fr-FR	Stendhal	Philibert Lescale	-	Romans	-	Copyright © 2014-09-19 Ilivri	-	ILIVRI	9782335004137	epub	Henri Beyle	2014-09-19
157963	14987	fr-FR	Stendhal	Promenades dans Rome - Tome second	-	Nouvelles, contes	-	Copyright © 2014-09-04 Ilivri	-	ILIVRI	9782335046397	epub	Henri Beyle	2014-09-04
1543	573	fr-FR	Guy de Maupassant	Rêves	-	Nouvelles, contes	-	Copyright © 2015-02-27 Ilivri	-	ILIVRI	id02146	epub	Guy de Maupassant	2015-02-27
24740	3446	fr-FR	Pierre-Augustin Caron de Beaumarchais	Les Deux Amis - Le Négociant de Lyon	-	Théâtre	-	Copyright © 2015-06-30 Ilivri	-	ILIVRI	id01899	epub	Pierre-Augustin Caron de Beaumarchais	2015-06-30
28981	5043	fr-FR	Honoré de Balzac	Le Colonel Chabert	-	Romans	-	Copyright © 2014-07-21 Ilivri	-	ILIVRI	9782335008272	epub	Honoré de Balzac	2014-07-21
158336	12905	fr-FR	Émile Gaboriau	L'Affaire Lerouge	-	Policier, mystère	-	Copyright © 2014-07-21 Ilivri	-	ILIVRI	9782335008159	epub	Émile Gaboriau	2014-07-21
22739	4165	fr-FR	Georges Rodenbach	Le Règne du silence - Poème	-	-	-	Copyright © 2016 Ilivri	-	ILIVRI	id02945	epub	-	2016
35673	6333	fr-FR	Remy de Gourmont	Histoires magiques	-	Nouvelles, contes	-	Copyright © 2014-07-23 Ilivri	-	ILIVRI	9782335062632	epub	Remy de Gourmont	2014-07-23
37469	7006	fr-FR	Marcel Schwob	Vies imaginaires	-	Nouvelles, contes	-	Copyright © 2015-05-21 Ilivri	-	ILIVRI	9782335062823	epub	Marcel Schwob	2015-05-21
71084	6798	fr-FR	Hector Malot 	Sans famille - Tome premier	-	Jeunesse	-	Copyright © 2014-07-21 Ilivri	-	ILIVRI	9782335012941	epub	Hector-Henri Malot	2014-07-21
7322	1868	fr-FR	Prosper Mérimée	La Chambre bleue	-	-	-	Copyright © 2016 Ilivri	-	ILIVRI	id01938	epub	-	2016
262850	18506	fr-FR	Marcel Proust	A la recherche du temps perdu - Tome II - A l’ombre des jeunes filles en fleurs 	-	Romans	-	Copyright © 2014-09-09 Ilivri	-	ILIVRI	9782335007879	epub	Marcel Proust	2014-09-09
79171	8838	fr-FR	Maurice Leblanc	Arsène Lupin contre Herlock Sholmès	-	Policier, mystère	-	Copyright © 2014-07-21 Ilivri	-	ILIVRI	9782335008210	epub	Maurice Leblanc	2014-07-21
21510	4131	fr-FR	Emile Verhaeren	Les Forces tumultueuses	-	Poésie	-	Copyright © 2015-02-27 Ilivri	-	ILIVRI	9782335063165	epub	Emile Adolphe Gustave Verhaeren	2015-02-27
13632	2547	fr-FR	Alfred de Musset	Fantasio	-	Théâtre	-	Copyright © 2015-09-29 Ilivri	-	ILIVRI	id01438	epub	Alfred de Musset	2015-09-29
26956	4164	fr-FR	Voltaire	Brutus	-	-	-	Copyright © 2016 Ilivri	-	ILIVRI	id02604	epub	-	2016
27762	4546	fr-FR	Alphonse de Lamartine	Régina	-	Romans	-	Copyright © 2015-02-27 Ilivri	-	ILIVRI	9782335063097	epub	Alphonse de Lamartine	2015-02-27
2834	924	fr-FR	Guy de Maupassant	L'Orphelin	-	Nouvelles, contes	-	Copyright © 2015-03-05 Ilivri	-	ILIVRI	id02165	epub	Guy de Maupassant	2015-03-05
87745	9594	fr-FR	Jules Verne	Le Tour du monde en quatre-vingts jours 	-	Romans	-	Copyright © 2014-07-21 Ilivri	-	ILIVRI	9782335004694	epub	Jules Verne	2014-07-21
136082	11098	fr-FR	Marcel Proust	A la recherche du temps perdu - Tome VI - Albertine disparue	-	Romans	-	Copyright © 2014-07-21 Ilivri	-	ILIVRI	9782335007671	epub	Marcel Proust	2014-07-21
