74024	6333	UND	Richard W. Leech, M.D.	The Adventures of Button	JUVENILE FICTION	-	-	-	-	Xlibris	CBUSCEXLB000OE0U	-	-	2010-01-05
18626	2704	UND	Neil Gaiman	Odd and the Frost Giants	-	Science fiction	-	Copyright © 2009 by Neil Gaiman	-	HarperCollins	9780061964879	-	Neil Gaiman	2009-09-08 00:00:00-07:00
129486	11128	UND	Henry H. Neff	The Hound of Rowan	-	& Fables - General	-	-	-	Random House	1e5a37e6-246b-40f9-b957-25bf09dd3bc2	-	calibre (0.6.24) [http://calibre-ebook.com]	2008-09-22T16:00:00
161032	12852	UND	Henry H. Neff	The Second Siege	-	& Fables - General	-	-	-	Random House Children's Books	53e91ef6-c8d2-4d5b-9cb4-9c5338d6a466	-	calibre (0.6.24) [http://calibre-ebook.com]	2010-07-14T16:00:00
103793	8056	UND	Kelley St. John	Good Girls Don't	-	Romance	-	CA PH PR UM US VI	-	New York : Warner Forever, c2005.	9780446617208	-	calibre (0.6.53) [http://calibre-ebook.com]	2005-12-01 00:00:00-05:00
144931	9126	UND	GILBERT MORRIS	THE HOMEPLACE	-	ebook	-	The Homeplace Copyright © 2005 by Gilbert Morris Reques	-	Zondervan	ISBN0310252326	-	-	2008-12-23 00:00:00+01:00
161717	8834	UND	Mary Monroe	God Don’t Like Ugly	-	-	-	Copyright © 2000 by Mary Monroe	-	Kensington	978-0-7582-5916-5	-	Mary Monroe	2010-06-12 00:00:00+02:00
117636	10277	UND	Therese Walsh	The Last Will of Moira Leahy	-	Fiction	-	Copyright Â© 2009 by Therese Walsh	-	Three Rivers Press	9780307461582	-	calibre (0.6.53) [http://calibre-ebook.com]	2009-05-22 00:00:00-04:00
179760	16087	UND	Matthew Plampin	The Street Philosopher	-	Crimean War; 1853-1856	-	-	-	HarperCollins	9780007272433	-	calibre (0.7.2) [http://calibre-ebook.com]	2009-02-22T16:00:00+00:00
126283	10754	UND	Lynn Abbey	The Brazen Gambit	-	-	-	-	-	TSR	9781560768722	-	calibre (0.7.16) [http://calibre-ebook.com]	1994-07-15 00:00:00-06:00
123433	10035	UND	Lynn Abbey	Cinnabar Shadows	-	-	-	-	-	Wizards of the Coast	9780786901814	-	calibre (0.7.16) [http://calibre-ebook.com]	1995-07-25 00:00:00-06:00
120904	10762	UND	Lynn Abbey	The Rise and Fall of a Dragon King	-	-	-	-	-	-	159b29b4-7aaf-485c-9206-ee3cad756a70	-	calibre (0.7.16) [http://calibre-ebook.com]	2010-08-31 00:00:00-06:00
156485	10339	UND	Beverly Connor	Dead Secret	-	Fiction	-	NONE	-	PENGUIN group	9780451411921	-	calibre (0.6.53) [http://calibre-ebook.com]	2005-12-05 04:00:00-05:00
146654	9379	UND	Beverly Connor	Dust to Dust	-	Fiction	-	NONE	-	Piatkus Books	9780749941888	-	calibre (0.6.53) [http://calibre-ebook.com]	2009-08-05 04:00:00-04:00
132455	8852	UND	Beverly Connor	The Night Killer	-	-	-	NONE	-	Piatkus Books	9780749952839	-	calibre (0.6.53) [http://calibre-ebook.com]	2010-04-01 00:00:00-04:00
134138	9206	UND	Beverly Connor	Dead Past	-	Fiction	-	NONE	-	PENGUIN group	9780451412348	-	calibre (0.6.53) [http://calibre-ebook.com]	2007-02-05 04:00:00-05:00
149102	10013	UND	Beverly Connor	One Grave Too Many	-	Fiction	-	NONE	-	Onyx	9780451411198	-	calibre (0.6.53) [http://calibre-ebook.com]	2003-12-01 04:00:00-05:00
94356	11082	UND	Michael Specter	Denialism: How Irrational Thinking Hinders Scientific Progress, Harms the Planet, and Threatens Our Lives	-	Research - Forecasting	-	NONE	-	Penguin Group	9781594202308	-	calibre (0.6.42) [http://calibre-ebook.com]	2009-10-15T04:00:00+00:00
241210	15108	UND	Karl Marlantes	Matterhorn: A Novel of the Vietnam War	-	Fiction - General	-	-	-	Atlantic Monthly Press	9780802119285	-	calibre (0.6.43) [http://calibre-ebook.com]	2010-04-01T07:00:00+00:00
74024	6333	UND	Richard W. Leech, M.D.	The Adventures of Button	JUVENILE FICTION	-	-	-	-	Xlibris	CBUSCEXLB000OE0U	-	-	2010-01-05
9238	1766	UND	Mary Robinette Kowal	First Flight	-	-	-	Copyright © 2009 Mary Robinette Kowal	-	Macmillan	CBUSCEHOL02TY10J	-	-	2010-06-08 00:00:00+02:00
193052	19857	UND	O. Henry	Selected stories of O. Henry	-	Fantasy	-	NONE	-	Barnes&Noble	9781411433137	-	-	2003-09-01 00:00:00-07:00
162164	14902	UND	Sebastian Faulks	A Week in December	-	Fiction	-	-	-	Random House, Inc.	9780385532914	-	calibre (0.6.45) [http://calibre-ebook.com]	2010-03-08 21:00:00-08:00
67711	6730	UND	Charlaine Harris	Dead over heels	-	Mystery & Crime	-	-	-	New York, NY : Scribner, c1996.	9780684804293	-	calibre (0.6.53) [http://calibre-ebook.com]	2009-04-23 16:08:46-07:00
98451	8110	UND	Charlaine Harris	Club Dead	-	Fantasy fiction	-	-	-	Penguin Group USA	9781101134016	-	-	2010-07-15 02:37:40.851000-07:00
120748	9066	UND	Charlaine Harris	From Dead to Worse	-	Fantasy	-	-	-	-	c72f5187-d5b0-49f8-a793-d3992a7852ee	-	calibre (0.6.53) [http://calibre-ebook.com]	2009-04-23 16:08:53-07:00
116837	8499	UND	Charlaine Harris	Dead Until Dark	-	-	-	-	-	Victor Gollancz Limited	1101146311	-	-	2010-07-14 19:35:16.786000-07:00
121771	9604	UND	Charlaine Harris	All Together Dead	-	Fantasy fiction	-	Copyright ฉ 2007 by Charlaine Harris Schulz	-	Ace Books	9780441014941	-	calibre (0.7.9) [http://calibre-ebook.com]	2007-05-01 02:38:24.810000-07:00
101595	8303	UND	Charlaine Harris	Living dead in Dallas	-	Fantasy fiction	-	-	-	Ace Books	9781101134047	-	-	2002-03-26 00:00:00-07:00
44580	5364	UND	Charlaine Harris	A Touch of Dead	-	Fantasy fiction	-	NONE	-	Victor Gollancz Limited	9780575094437	-	calibre (0.6.53) [http://calibre-ebook.com]	2009-12-16 21:00:00-08:00
102842	7932	UND	Charlaine Harris	Dead and Gone	-	Fantasy	-	-	-	Penguin Group USA	9780441017157	-	calibre (0.6.53) [http://calibre-ebook.com]	2009-05-06 22:30:33-07:00
116667	8752	UND	Charlaine Harris	Dead to the World	-	-	-	-	-	Victor Gollancz Limited	1101134038	-	-	2010-07-15 02:37:55.619000-07:00
127703	9661	UND	Charlaine Harris	Definitely dead	-	Fantasy	-	NONE	-	Ace Books	9781101052822	-	-	2006-05-02 02:38:16.318000-07:00
112902	8687	UND	Charlaine Harris	Dead as a doornail	-	Fantasy	-	-	-	Ace Books	110113402X	-	-	2005-05-03 02:38:06.437000-07:00
120946	8750	UND	Charlaine Harris	Dead in the Family	-	Fantasy	-	Copyright © 2010 by Charlaine Harris, Inc.	-	ACE	9780441019472	-	calibre (0.6.53) [http://calibre-ebook.com]	2010-11-03 21:00:00-07:00
74884	6987	UND	Charlaine Harris	Three Bedrooms, One Corpse	-	Mystery & Crime	-	-	-	Berkley	9780425220528	-	calibre (0.6.53) [http://calibre-ebook.com]	2009-04-23 16:08:45-07:00
128129	10988	UND	Alison Sinclair	Darkborn	-	Fantasy	-	-	-	Roc Trade	9780451462701	-	calibre (0.6.53) [http://calibre-ebook.com]	2009-05-11 00:00:00-04:00
129619	10059	UND	Brad Thor	The Apostle	-	Afghanistan	-	-	-	Atria	9781416586579	-	calibre (0.6.31) [http://calibre-ebook.com]	2009-06-29T16:00:00
127440	9448	UND	Asa Larsson	The Blood Spilt	-	Fiction	-	-	-	Delta	9780385340793	-	calibre (0.6.53) [http://calibre-ebook.com]	2007-12-26 00:00:00-05:00
83649	8145	UND	Boyd, Gregory A.	The Myth of a Christian Nation	-	-	-	-	-	Zondervan ebook	08d2481c-44e6-467a-8cd0-99c0f1d6ae04	-	calibre (0.6.43) [http://calibre-ebook.com]	2007-10-26 00:00:00-05:00
187787	17613	UND	Huso, Anthony	The Last Page	-	-	-	-	-	Tor Books	b2356fa4-5a12-4623-9da4-a41039d246f9	-	calibre (0.7.1) [http://calibre-ebook.com]	2010-08-17T05:00:00+00:00
494865	27971	UND	Harold Mcgee	On Food and Cooking	-	Food	-	-	-	Hodder & Stoughton Ltd	9780340831502	-	calibre (0.7.18) [http://calibre-ebook.com]	2004-11-16 00:00:00-05:00
85245	6830	UND	Davida Wills Hurwin	Freaks and Revelations	-	JUV005000	-	Copyright © 2009 by Davida Wills Hurwin	-	Little, Brown Books for Young Readers	9780316071758	-	calibre (0.6.20) [http://calibre-ebook.com]	2009-11-01T00:00:00
215416	19740	UND	Washington Irving	The Legend of Sleepy Hollow and Other Writings	-	Fiction	-	NONE	-	BARNES & NOBLE	9781411432536	-	-	2006-02-01 00:00:00-08:00
120477	9208	UND	Bianca D'Arc	Once Bitten, Twice Dead	-	Romance	-	Copyright © 2010 Cristine Martins	-	Brava	9780758247292	-	calibre (0.6.53) [http://calibre-ebook.com]	2010-02-23 00:00:00-05:00
98462	9235	UND	Ray Bradbury	Green Shadows, White Whale	-	-	-	-	-	-	15122dcd-a738-40c4-b1b2-3eae06690329	-	calibre (0.7.17) [http://calibre-ebook.com]	2010-09-06 00:00:00+01:00
66282	6167	UND	Ford, Phil	SkyPoint	-	-	-	-	-	BBC Digital	df34a346-3ede-47b9-80b7-f0d7ec1cac2c	-	calibre (0.7.1) [http://calibre-ebook.com]	2010-07-31 00:00:00-07:00
120764	10909	UND	Daryl Gregory	Pandemonium	-	-	-	-	-	-	1933e182-dd8c-4a62-9d55-115059960d3f	-	calibre (0.6.24) [http://calibre-ebook.com]	2009-11-27T15:56:05
115364	8182	UND	Heather Gudenkauf	The Weight of Silence	-	-	-	-	-	Harlequin	11481054-c7dd-4d07-be94-611d57a2d400	-	calibre (0.6.17) [http://calibre-ebook.com]	2009-10-13T01:39:11
87191	7820	UND	Bonnie Vanak	Immortal Wolf	-	Romance	-	-	-	Harlequin	9780373618217	-	calibre (0.6.53) [http://calibre-ebook.com]	2009-09-30 04:00:00-04:00
77521	5545	UND	Lynda Burton	Oh Lord, Help Me Keep My Panties On	FICTION	-	-	-	-	Xlibris	CBUSCEXLB000HN0W	-	calibre (0.6.34) [http://calibre-ebook.com]	2009-08-31
188264	19741	UND	Bill Bryson	A short history of nearly everything	-	General	-	-	-	Random House, Inc.	9780767908184	-	calibre (0.7.10) [http://calibre-ebook.com]	2004-09-14 10:12:14.731000-07:00
115099	13157	UND	Bryson, Bill	Neither Here Nor There	-	-	-	-	-	Transworld Digital	63c76ebc-32ca-484c-afd6-4b055f353152	-	calibre (0.7.9) [http://calibre-ebook.com]	2010-03-02 00:00:00+00:00
94283	7491	UND	David Rosenfelt	First degree	-	Crime & mystery	-	WORLD	-	New York : Mysterious Press, c2003.	9780892967544	-	calibre (0.6.45) [http://calibre-ebook.com]	2003-05-14T05:00:00+00:00
206821	13760	UND	Bram Stoker	Dracula	-	Fiction	-	NONE	-	BARNES & NOBLE	9781411431645	-	-	2005-09-01 00:00:00-07:00
12656	5220	UND	Henry Beard	X-Treme Latin: Lingua Latina Extrema	-	-	-	-	-	Gotham	f192942d-15d0-45cc-876e-7b29f3da9915	-	calibre (0.6.54) [http://calibre-ebook.com]	2005-03-03T07:00:00+00:00
157773	11760	UND	David Baldacci	True Blue	-	General	-	Copyright © 2009 by Columbus Rose, Ltd.	-	Vision	9780446561976	-	-	2010-09-15 00:00:00-04:00
118726	11057	UND	James Grippando	Money to Burn	-	Fiction	-	Copyright © 2010 by James Grippando.	-	Harper	9780061556302	-	calibre (0.6.53) [http://calibre-ebook.com]	2010-02-23 00:00:00-05:00
36663	8211	UND	T. S. Eliot	Waste Land and Other Poems	-	-	-	NONE	-	Barnes&Noble	9781411433489	-	-	2010-07-10 00:00:00-07:00
105683	9412	UND	Andy Lane	Slow Decay	-	Fiction	-	-	-	BBC Books	4e038f8b-4b75-4805-86be-a07729267b26	-	calibre (0.7.1) [http://calibre-ebook.com]	2007-01-25T08:00:00+00:00
113437	12763	UND	Ian McEwan	Solar	Text	Fiction	URN:ISBN:978-1-40705-446-9	All rights reserved	-	Random House Inc	URN:ISBN:978-1-40705-446-9	304 pages	-	2010-03-29 00:00:00-07:00
190732	10656	UND	McNab, Andy	War Torn	-	-	-	-	-	Transworld Digital	89a3fd5d-28d8-4049-958a-65b0c5476188	-	calibre (0.6.45) [http://calibre-ebook.com]	2010-01-24T00:00:00+00:00
116483	6235	UND	Dorothy Hearst	Promise Of The Wolves	-	!Fantasy	-	Copyright © 2008 by Dorothy Hearst	-	Simon & Schuster UK 	978-1-84737-509-4	-	Dorothy Hearst	2009-04-10 10:21:50+01:00
192123	10023	UND	J. R. R. Tolkien	The Two Towers	-	Middle Earth (Imaginary place)	-	-	-	Houghton Mifflin	9780618574957	-	-	2005-07-15 00:00:00-07:00
107079	6946	UND	Cameron Dean	Passionate Thirst	-	Fantasy	-	-	-	Ballantine Books	79	-	calibre (0.5.8) [http://calibre.kovidgoyal.net]	2009-04-23 19:08:40-04:00
132188	9663	UND	Donna Kauffman	Here Comes Trouble	-	-	-	Copyright © 2010 Donna Kauffman	-	Brava	9780758231338	-	calibre (0.7.1) [http://calibre-ebook.com]	2010-09-15T07:00:00+00:00
161345	15905	UND	Henry David Thoreau	Walden and on the Duty of Civil Disobedience	-	Biography	-	NONE	-	Turtleback Books	9781411433458	-	-	1999-07-15 00:00:00-07:00
67695	7069	UND	Ally Blake	Dating the Rebel Tycoon	-	Romance	-	-	-	Harlequin	9780373184552	-	calibre (0.6.53) [http://calibre-ebook.com]	2009-07-14 00:00:00-04:00
319704	21042	UND	David Remnick	The Bridge: The Life and Rise of Barack Obama	-	Current Events	-	-	-	Random House, Inc.	9781400043606	-	calibre (0.6.45) [http://calibre-ebook.com]	2010-04-06T04:00:00+00:00
160311	13563	UND	Dan Fesperman	The Arms Maker of Berlin	-	-	-	Copyright Â© 2009 by Dan Fesperman	-	Knopf Doubleday Publishing Group	978-0-307-27228-7	-	calibre (0.6.13) [http://calibre-ebook.com]	2009-09-21T00:00:00
97624	10429	UND	E. M. Forster	A Room with a View	-	Fiction	-	NONE	-	General Books LLC	9781411433069	-	-	2010-07-15 00:00:00-07:00
77998	7170	UND	Jamie Sobrato	Any way you want me	-	Romance	-	Copyright © 2005 by Jamie Sobrato.	-	Toronto : Harlequin, c2005.	9780373792207	-	calibre (0.6.53) [http://calibre-ebook.com]	2005-11-01 00:00:00-04:00
170652	13917	UND	Emily Jane Bronte	Wuthering Heights	-	Fiction	-	NONE	-	Forgotten Books	9781411433564	-	-	1999-08-15 00:00:00-07:00
75169	6822	UND	Cathy Yardley	Enslave: The Taming of the Beast	-	Fiction	-	-	-	HarperCollins	9780061376092	-	calibre (0.7.4) [http://calibre-ebook.com]	2009-10-15T05:00:00+00:00
80783	7167	UND	Cathy Yardley	Ravish: The Awakening of Sleeping Beauty	-	Fiction	-	Copyright © 2008 by Cathy Yardley Wilson.	-	HarperCollins	9780061376085	-	calibre (0.7.4) [http://calibre-ebook.com]	2008-09-15T05:00:00+00:00
74976	6769	UND	Valerie Hansen	My Deadly Valentine	-	Romance	-	Copyright © 2010 by Harlequin Books S.A.	-	Steeple Hill	9780373443826	-	calibre (0.6.53) [http://calibre-ebook.com]	2010-02-09 00:00:00-05:00
88710	7495	UND	Cathryn Fox	Instinctive	-	Fiction	-	NONE	-	New Amer Library	9781101145357	-	-	2009-10-06 02:42:34.700000-07:00
7642	1478	UND	Thomsett, Michael C.	The Options Trading Body of Knowledge	-	-	-	-	-	FT Press	2ade2eb0-9d4f-4384-9a62-09da86e99dfc	-	calibre (0.6.44) [http://calibre-ebook.com]	2009-08-19 00:00:00-05:00
159589	7308	UND	Catherine Banner	The Eyes of a King	-	Fantasy	-	Copyright Â© 2008 by Catherine Banner	-	Random House, Inc.	9780375838750	-	calibre (0.6.53) [http://calibre-ebook.com]	2008-05-27 00:00:00-04:00
157850	7353	UND	Catherine Banner	Voices in the Dark	-	Fantasy	-	All rights reserved	-	Random House, Inc.	9780375838774	-	calibre (0.6.53) [http://calibre-ebook.com]	2009-09-22 00:00:00-04:00
222141	11276	UND	John Brown	Servant of a Dark God	-	Fantasy - General	-	-	-	Tor Books	9780765322357	-	calibre (0.7.4) [http://calibre-ebook.com]	2009-09-15T06:00:00+00:00
125818	13495	UND	edited by Nick Gevers	Other Earths	-	General	-	NONE	-	New York : DAW Books : c2009.	9781101024645	-	-	2009-04-07 00:00:00-04:00
102583	8013	UND	Donna Leon	CB14 Blood From A Stone (2005)	-	Donna Leon	-	All rights reserved	-	Random House Group Limited	urn:uuid:a2e69af6-cb5a-4125-a3e4-9316d5548d6a	-	calibre (0.6.8) [http://calibre.kovidgoyal.net]	2005-07-08T00:00:00
94304	7379	UND	Donna Leon	CB19 A Question of Belief (2010)	-	DDonna Leon	-	All rights reserved	-	Random House Publishing Group	urn:uuid:d39d0ac1-eb75-4ed9-aa4a-399a974fa291	-	calibre (0.6.8) [http://calibre.kovidgoyal.net]	2010-07-08T00:00:00
101626	7514	UND	Donna Leon	CB18 About Face (2009)	-	Donna Leon	-	-	-	Random House Publishing Group	urn:uuid:ac5576f1-6e90-4d2c-b330-8e9da7799504	-	calibre (0.6.8) [http://calibre.kovidgoyal.net]	2009-04-02T00:00:00
14710	2825	UND	Rachel Swirsky	A Memory of Wind	-	-	-	Copyright © 2009 Rachel Swirsky	-	Macmillan	CBUSCEHOL02TXZ0G	-	-	2010-06-08 00:00:00+02:00
14302	3021	UND	Rachel Swirsky	Eros, Philia, Agape	-	-	-	Copyright © 2009 Rachel Swirsky	-	Macmillan	CBUSCEHOL02TXY0F	-	-	2010-06-08 00:00:00+02:00
84592	8748	UND	Paula T. Renfroe	The Cheating Curve	-	-	-	Copyright © 2010 by Paula T. Renfroe	-	Kensington	9780758257970	-	Paula T. Renfroe	2010-04-05 00:00:00+02:00
200541	17068	UND	China Mieville	Kraken	-	Fantasy - Epic	-	-	-	Del Rey	9780345497499	-	calibre (0.7.4) [http://calibre-ebook.com]	2010-06-29T06:00:00+00:00
135482	10525	UND	Sheridan Le Fanu	In a Glass Darkly	-	-	-	-	-	The Floating Press	e9ed9725-2dd5-410b-b635-7bd4c1e04a00	-	calibre (0.5.14) [http://calibre.kovidgoyal.net]	-
56269	7129	UND	Douglas Anthony Cooper	Milrose Munce and the Den of Professional Help	-	-	-	Copyright © 2007 by Douglas Anthony Cooper	-	Random House of Canada	CBUSCERCA00FSM05	-	-	2010-04-23 00:00:00+02:00
166028	11957	UND	Mark Twain	Adventures of Huckleberry Finn	-	Novels	-	NONE	-	Simon and Schuster	9781411433724	-	-	2004-04-27 00:00:00-07:00
105982	11426	UND	Mark Twain	The Adventures of Tom Sawyer	-	Fiction	-	NONE	-	Sterling	9781411431706	-	-	2010-07-15 00:00:00-07:00
143242	16184	UND	Alexander Waugh	The House of Wittgenstein: A Family at War	-	General	-	-	-	Random House, Inc.	9780385520607	-	calibre (0.6.53) [http://calibre-ebook.com]	2009-02-24 00:00:00-05:00
235900	18144	UND	Victor Hugo	The Hunchback of Notre Dame	-	Fiction	-	NONE	-	BARNES & NOBLE	9781411432352	-	-	2008-06-15 00:00:00-07:00
78956	10004	UND	Sam Wasson	Fifth Avenue, 5 A.M.: Audrey Hepburn, Breakfast at Tiffany's, and the Dawn of the Modern Woman	-	History	-	Copyright © 2010 by Sam Wasson.	-	HarperCollins	978-0-06-200013-2	-	Sam Wasson	2010-06-22 00:00:00-07:00
96825	11818	UND	Jamyang Norbu	The Mandala of Sherlock Holmes	-	Action & Adventure	-	-	-	John Murray	9780719556401	-	calibre (0.6.53) [http://calibre-ebook.com]	2000-04-15 00:00:00-04:00
94730	11151	UND	Stephen Crane	The Red Badge of Courage and Selected Short Fiction	-	War stories	-	NONE	-	BARNES & NOBLE	9781411433021	-	-	2005-08-10 00:00:00-07:00
90512	11903	UND	Janet Gleeson	Millionaire: The Philanderer, Gambler, and Duelist Who Invented Modern Finance	Biography	Trade and Finance	-	Copyright © 1999 by Janet Gleeson	-	Simon & Schuster	9780743211895
	-	-	2000-11-11 00:00:00+00:00
154296	11539	UND	Diane Setterfield	The thirteenth tale: a novel	-	Fiction	-	-	-	Atria Books	da851cde-aed6-4a59-a0ec-7f16262d9a7c	-	calibre (0.5.11) [http://calibre.kovidgoyal.net]	2006-01-15 00:00:00-08:00
137431	10419	UND	Joe Hill	Heart-shaped box	-	Ghost	-	-	-	William Morrow	9780061147937	-	calibre (0.6.36) [http://calibre-ebook.com]	2007-02-12T22:00:00
266787	22248	UND	Ralph Waldo Emerson	Essays and Poems by Ralph Waldo Emerson	-	-	-	NONE	-	Barnes&Noble	9781411432123	-	-	2010-07-10 00:00:00-07:00
152882	10895	UND	Chris Kuzneski	The Lost Throne	-	-	-	-	-	Putnam Adult	9781101132340	-	calibre (0.6.12) [http://calibre.kovidgoyal.net]	2009-09-15T03:34:35
88289	9964	UND	Kenneth Grahame	The Wind in the Willows	-	Fiction	-	NONE	-	Sterling Publishing Company	9781411433502	-	-	2007-02-01 00:00:00-08:00
82186	7061	UND	Lloyd Alexander	The High King	-	-	-	-	-	Macmillan	9780805080520	-	calibre (0.7.16) [http://calibre-ebook.com]	2006-05-16 00:00:00-06:00
61888	5461	UND	Lloyd Alexander	The Black Cauldron	-	-	-	-	-	Macmillan	9780805080490	-	calibre (0.7.16) [http://calibre-ebook.com]	2006-05-16 00:00:00-06:00
72449	6803	UND	Lloyd Alexander	Taran Wanderer	-	-	-	-	-	Macmillan	9780805061345	-	calibre (0.7.16) [http://calibre-ebook.com]	1999-04-20 00:00:00-06:00
60358	5982	UND	Lloyd Alexander	The Book of Three	-	-	-	-	-	Macmillan	9780805080483	-	calibre (0.7.16) [http://calibre-ebook.com]	2006-05-16 00:00:00-06:00
55085	5422	UND	Lloyd Alexander	The Castle of Llyr	-	-	-	-	-	Macmillan	9780805080506	-	calibre (0.7.16) [http://calibre-ebook.com]	2006-05-16 00:00:00-06:00
97771	7325	UND	Robert Goolrick	A Reliable Wife	-	Fiction	-	-	-	Algonquin Books	fe05ddd6-ad50-4b12-a787-bae51a3a30ea	-	calibre (0.6.34) [http://calibre-ebook.com]	2009-03-14 00:00:00-07:00
59027	6043	UND	Sonny Brewer	Cormac: The Tale of a Dog Gone Missing	-	-	-	Copyright Â© 2007 by Sonny Brewer	-	Random House, Inc.	9780385666732	-	calibre (0.7.1) [http://calibre-ebook.com]	2008-08-26T07:00:00+00:00
102306	7113	UND	Barb Hendee	Hunting Memories	-	Fantasy	-	-	-	Roc Trade	9780451462916	-	calibre (0.6.53) [http://calibre-ebook.com]	2009-12-16 04:00:00-05:00
99628	8158	UND	Barb Hendee	Blood Memories	-	Fantasy	-	-	-	Penguin Putnam	9781436281195	-	calibre (0.6.53) [http://calibre-ebook.com]	2009-04-23 19:08:17-04:00
231067	12507	UND	C. J. Sansom	Sovereign	-	Action & Adventure	-	Copyright © C. J. Sansom 2006	-	Macmillan	9781405050487	-	calibre (0.6.53) [http://calibre-ebook.com]	2006-10-15 00:00:00-04:00
126467	11578	UND	Douglas Preston	Impact	-	-	-	-	-	Forge Books	9780765317681	-	calibre (0.6.51) [http://calibre-ebook.com]	2010-01-05T05:00:00+00:00
91540	10479	UND	Dean Koontz	Breathless	-	working	-	Copyright Â© 2009 by Dean Koontz	-	Random House Publishing Group	978-0-553-90714-8	-	calibre (0.7.10) [http://calibre-ebook.com]	2009-06-09 21:00:00-07:00
120114	10392	UND	Caitlin Kittredge	Demon Bound	-	Romance	-	All rights reserved	-	Macmillan	9780312943639	-	calibre (0.6.53) [http://calibre-ebook.com]	2009-12-15 00:00:00-05:00
111335	9304	UND	Caitlin Kittredge	Street Magic	-	Fantasy	-	-	-	St. Martin's Press	9780312943615	-	calibre (0.6.53) [http://calibre-ebook.com]	2009-12-17 01:57:54-05:00
254920	17465	UND	Dantec, Maurice G.	Grand Junction	-	-	-	-	-	Del Rey	c1351370-4d12-4f0a-b857-a4b0c880e5a3	-	calibre (0.6.46) [http://calibre-ebook.com]	2009-09-29T05:00:00+00:00
239475	16590	UND	Scott Lynch	The Lies of Locke Lamora	-	-	-	-	-	Random House, Inc.	9780553588941	-	calibre (0.7.12) [http://calibre-ebook.com]	2007-06-26 00:00:00-06:00
82907	7954	UND	Brandilyn Collins	Dark Pursuit	-	Suspense & Thrillers	-	-	-	Zondervan	efcdfa00-0d75-413d-ba99-25aceb36c310	-	calibre (0.6.53) [http://calibre-ebook.com]	2010-01-09 04:00:00-05:00
88880	7239	UND	Brandilyn Collins	Exposure	-	Fiction	-	-	-	Zondervan	9780310276432	-	calibre (0.6.53) [http://calibre-ebook.com]	2009-05-14 04:00:00-04:00
188503	10915	UND	Kami Garcia	Beautiful Creatures	-	JUV026000	-	Copyright © 2009 by Kami Garcia and Margaret Stohl	-	Little, Brown Books for Young Readers	9780316071284	-	calibre (0.6.24) [http://calibre-ebook.com]	2009-12-01T00:00:00
7505	1779	UND	Mark A. McDonald	Misery Doesn't Always Love Company	POETRY	-	-	-	-	Xlibris	CBUSCEXLB000P60N	-	-	2010-01-29
22728	5229	UND	Brad Herzog	Turn Left at the Trojan Horse	-	-	-	Copyright © 2010 Brad Herzog	-	Kensington	978-0-8065-3481-7	-	Brad Herzog	2010-05-28 00:00:00+02:00
92042	9740	UND	Fulton, Jennifer	Dark Dreamer	-	Gay & Lesbian	-	-	-	Bold Strokes Books, Inc.	9781933110745	-	calibre (0.6.42) [http://calibre-ebook.com]	2010-02-26T20:41:19.048000+00:00
48317	4011	UND	Annmarie Ortega	Dead Girl Talking	-	Erotic Paranormal Romance	-	Resplendence Publishing, LLC P.O. Box 992 Edgewater, Florida, 32132 Dead Girl Talking Copyright © 2009, Annmarie Ortega Cover art by Chel Hickerty Electronic format ISBN: 978-1-60735-077-4 Warning: All rights reserved. The unauthorized reproduction or distribution of this copyrighted work is illegal. Criminal copyright infringement, including infringement without monetary gain, is investigated by the FBI and is punishable by up to 5 years in federal prison and a fine of $250,000. Electronic release: October 2009 This is a work of fiction. Names, characters, places and occurrences are a product of the author's imagination. Any resemblance to actual persons, living or dead, places or occurrences, is purely coincidental.	-	Resplendence Publishing, LLC	c923216f-0989-4c3a-a050-97ba012280f0	-	calibre (0.6.53) [http://calibre-ebook.com]	2009-10-26 04:00:00-04:00
118873	8579	UND	Alissa Johnson	Destined to Last	-	Romance	-	Copyright (c) 2010 by Alissa Johnson	-	Leisure Books	9780843962529	-	calibre (0.6.53) [http://calibre-ebook.com]	2010-03-30 00:00:00-04:00
552666	35076	UND	Diarmaid MacCulloch	Christianity: The First Three Thousand Years	-	Church history	-	-	-	Penguin Group USA	9780670021260	-	calibre (0.6.45) [http://calibre-ebook.com]	2010-02-18T05:00:00+00:00
108627	8951	UND	Berry, Jedediah	The Manual of Detection	-	-	-	-	-	Penguin	9781101019412	-	calibre (0.6.42) [http://calibre-ebook.com]	2009-02-19T06:00:00+00:00
136305	10967	UND	Kris Kennedy	The Irish Warrior	-	-	-	Copyright © 2010 by Kris Kennedy	-	Kensington	978-1-4201-1921-3	-	Kris Kennedy	2010-06-12 00:00:00+02:00
366399	16182	UND	Edward Rutherfurd	The Rebels of Ireland: The Dublin Saga	-	Europe	-	-	-	Ballantine Books	9780345472366	-	calibre (0.6.38) [http://calibre-ebook.com]	2010-02-04T07:00:00
58750	5691	UND	Trish Millburn	The Family Man	-	-	-	Copyright © 2010 by Trish Milburn.	-	Harlequin	57553e97-16d2-4a6c-865b-5c5d9d65bc04	-	calibre (0.6.53) [http://calibre-ebook.com]	2010-05-22 00:00:00-04:00
90453	8990	UND	Bazell, Josh	Beat the Reaper	-	FIC000000	-	-	-	Little, Brown and Company	ca25db00-ab59-4717-b92d-223e30e0f39b	-	calibre (0.6.46) [http://calibre-ebook.com]	2009-01-07 00:00:00-08:00
158286	13751	UND	Elizabeth Gilbert	Eat, pray, love: one woman's search for everything across Italy, India and Indonesia	-	Biography	-	-	-	Viking	CBUSCEPGI0256V0U	-	-	2006-02-21 00:00:00-08:00
132441	13599	UND	Daniel Asa Rose	Larry's Kidney: Being the True Story of How I Found Myself in China with My Black Sheep Cousin and His Mail-Order Bride, Skirting the Law to Get Him a Transplant--and Save His Life	-	-	-	Copyright © 2009 by Daniel Asa Rose.	-	HarperCollins	9780061708718	-	calibre (0.7.1) [http://calibre-ebook.com]	2010-04-22 00:00:00-07:00
245581	17065	UND	Banks, Iain M.	Surface Detail	-	Science Fiction	-	-	-	Little Brown	eabb672f-129f-47f9-b227-5d31589876bb	-	calibre (0.7.18) [http://calibre-ebook.com]	2010-07-10 00:00:00+01:00
105726	12050	UND	John W. Dean	Conservatives Without Conscience	-	Politics and government	-	-	-	Penguin Books	9780143038863	-	calibre (0.6.45) [http://calibre-ebook.com]	2007-03-15T04:00:00+00:00
124364	13626	UND	Christopher McDougall	Born to Run: A Hidden Tribe, Superathletes, and the Greatest Race the World Has Never Seen	-	Adventure	-	copyright Â© 2009 by Christopher McDougall	-	Random House, Inc.	9780307266309	-	-	2009-05-04 00:00:00-07:00
233169	7187	UND	Earl E. Gobel	Hearts of Grey	FICTION	-	-	-	-	Xlibris	CBUSCEXLB000G008	-	-	2009-10-15
72248	6795	UND	Simon R. Green	Nightingale's lament	-	-	-	-	-	Ace Books	9780441011636	-	calibre (0.6.54) [http://calibre-ebook.com]	2004-04-26 00:00:00+12:00
96936	8472	UND	Simon R. Green	The Good, the Bad, and the Uncanny	-	-	-	-	-	Penguin Group USA	9780441018161	-	calibre (0.6.54) [http://calibre-ebook.com]	2010-01-05 00:00:00+13:00
90435	7929	UND	Simon R. Green	Hex and the City	-	-	-	-	-	Ace Books	9780441012619	-	calibre (0.6.54) [http://calibre-ebook.com]	2005-02-22 00:00:00+13:00
75903	7719	UND	Simon R. Green	The Unnatural Inquirer	-	-	-	-	-	Ace Books	9780441015580	-	calibre (0.6.54) [http://calibre-ebook.com]	2008-01-08 00:00:00+13:00
102118	7699	UND	Simon R. Green	Paths not taken	-	-	-	-	-	Berkley Pub. Group	9780441013197	-	calibre (0.6.54) [http://calibre-ebook.com]	2005-08-30 00:00:00+12:00
95617	8565	UND	Simon R. Green	Hell to Pay	-	-	-	-	-	Ace Books	9780441014606	-	calibre (0.6.54) [http://calibre-ebook.com]	2006-12-26 00:00:00+13:00
87576	7776	UND	Simon R. Green	Just Another Judgement Day	-	-	-	-	-	Ace Books	9780441016747	-	calibre (0.6.54) [http://calibre-ebook.com]	2009-01-13 00:00:00+13:00
97789	8013	UND	Simon R. Green	Sharper Than a Serpent's Tooth	-	-	-	-	-	Ace	9780441013876	-	calibre (0.6.54) [http://calibre-ebook.com]	2006-02-28 00:00:00+13:00
68595	6876	UND	Simon R. Green	Agents of Light and Darkness	-	-	-	-	-	Ace Books	9780441011131	-	calibre (0.6.54) [http://calibre-ebook.com]	2003-10-28 00:00:00+13:00
108038	8680	UND	Aprilynne Pike	Spells	-	Fiction	-	-	-	HarperTeen	9780061668067	-	calibre (0.6.53) [http://calibre-ebook.com]	2010-05-26 00:00:00-04:00
88636	7250	UND	Aprilynne Pike	Wings	-	Fiction	-	-	-	HarperTeen	9780061668036	-	calibre (0.6.53) [http://calibre-ebook.com]	2009-04-27 00:00:00-04:00
98435	6711	UND	Arnaldur Indridason	Silence of the Grave	-	Fiction	-	This electronic book is sold subject to the condition that it shall not by way of trade or otherwise, be lent, resold, hired out, or otherwise circulated without the publisher's prior consent in any form other than that in which it is published and without a similar condition including this condition being imposed on the subsequent purchaser	-	Vintage Books	9780099469544	-	calibre (0.6.53) [http://calibre-ebook.com]	2010-05-02 00:00:00-04:00
113477	7694	UND	Arnaldur Indridason	The Draining Lake	-	Fiction	-	This electronic book is sold subject to the condition that it shall not by way of trade or otherwise, be lent, resold, hired out, or otherwise circulated without the publisher's prior consent in any form other than that in which it is published and without a similar condition including this condition being imposed on the subsequent purchaser	-	Harvill Secker	9781846550959	-	calibre (0.6.53) [http://calibre-ebook.com]	2010-05-02 00:00:00-04:00
103709	6886	UND	Arnaldur Indridason	Voices	-	Fiction	-	This electronic book is sold subject to the condition that it shall not by way of trade or otherwise, be lent, resold, hired out, or otherwise circulated without the publisher's prior consent in any form other than that in which it is published and without a similar condition including this condition being imposed on the subsequent purchaser	-	Harvill Secker	9781846550331	-	calibre (0.6.53) [http://calibre-ebook.com]	2010-05-02 00:00:00-04:00
90206	6333	UND	Arnaldur Indridason	Tainted Blood	-	Fiction	-	This electronic book is sold subject to the condition that it shall not by way of trade or otherwise, be lent, resold, hired out, or otherwise circulated without the publisher's prior consent in any form other than that in which it is published and without a similar condition including this condition being imposed on the subsequent purchaser	-	Vintage	9780099513124	-	calibre (0.6.53) [http://calibre-ebook.com]	2010-05-02 00:00:00-04:00
109991	7174	UND	Arnaldur Indridason	Arctic Chill	-	Fiction	-	This electronic book is sold subject to the condition that it shall not by way of trade or otherwise, be lent, resold, hired out, or otherwise circulated without the publisher's prior consent in any form other than that in which it is published and without a similar condition including this condition being imposed on the subsequent purchaser	-	Harvill Secker	9781846550652	-	calibre (0.6.53) [http://calibre-ebook.com]	2008-05-01 00:00:00-04:00
112574	11977	UND	Junot Diaz	2007 - The Brief Wondrous Life of Oscar Wao	-	-	-	-	-	-	32a4518b-48ce-4b46-97ab-2ea73d22704f	-	calibre (0.5.14) [http://calibre.kovidgoyal.net]	-
173957	12922	UND	Daniel Reingold	Confessions of a Wall Street Analyst: A True Story of Inside Information and Corruption in the Stock Market	-	United States	-	© 2006 by Daniel Reingold with Jennifer Reingold	-	Collins	9780060747701	-	calibre (0.7.10) [http://calibre-ebook.com]	2007-05-17 10:15:09.210000-07:00
57992	5474	UND	Laura Iding	Marrying the Playboy Doctor	-	-	-	-	-	Harlequin	85160926-a149-4b5c-a96d-4c2ec961e516	-	calibre (0.6.42) [http://calibre-ebook.com]	2009-03-04T05:00:00+00:00
175483	8211	UND	Mankell Henning	Firewall	-	english	-	
         This electronic book is sold subject to the condition that it shall not by way of trade or otherwise, be lent, resold, hired out, or otherwise circulated without the publisher's prior consent in any form other than that in which it is published and without a similar condition including this condition being imposed on the subsequent purchaser
      	-	Random House Publishing Group	9781407017686	-	-	-
349521	23061	UND	Philip Caputo	Acts of faith	-	-	-	-	-	New York : Vintage books, c2005, 2006.	ed166da7-b409-4402-be7b-e6c3614ab025	-	calibre (0.6.18) [http://calibre-ebook.com]	2006-05-08T07:00:00
119084	11723	UND	Nathaniel Hawthorne	The Scarlet Letter	-	Historical fiction	-	NONE	-	BARNES & NOBLE	9781593081706	-	calibre (0.7.10) [http://calibre-ebook.com]	2004-09-20 10:04:51.862000-07:00
107703	14502	UND	Anthony Bourdain	Medium Raw: A Bloody Valentine to the World of Food and the People Who Cook	-	General	-	-	-	Bloomsbury Publishing Plc	9781408809341	-	calibre (0.7.9) [http://calibre-ebook.com]	2010-07-15 00:00:00-07:00
76597	7956	UND	Arlene James	A Match Made in Texas	-	Romance	-	Copyright © 2010 by Deborah Rather	-	Steeple Hill	9780373875788	-	calibre (0.6.53) [http://calibre-ebook.com]	2010-05-22 00:00:00-04:00
87822	10628	UND	Malcolm Gladwell	Outliers: the story of success	-	General	-	-	-	Little, Brown and Co.	9780316017923	-	calibre (0.6.40) [http://calibre-ebook.com]	2008-11-18 00:00:00-08:00
141967	14130	UND	Malcolm Gladwell	What the Dog Saw: And Other Adventures	-	Language Arts & Disciplines	-	-	-	Little Brown and Company	9780316075848	-	calibre (0.6.45) [http://calibre-ebook.com]	2009-10-20 00:00:00-07:00
97197	10427	UND	Malcolm Gladwell	The tipping point: how little things can make a big difference	-	Political Science	-	CA PH PR UM US VI	-	Back Bay	9780316346627	-	calibre (0.7.10) [http://calibre-ebook.com]	2002-03-14 00:00:00-07:00
105143	10072	UND	Abnett, Dan	Border Princes	-	-	-	-	-	BBC Digital	9e27c67b-0ac2-42d1-b182-d4cacd33f920	-	calibre (0.7.1) [http://calibre-ebook.com]	2010-08-03 00:00:00-07:00
138451	12662	UND	John Shirley	Bleak History	-	-	-	-	-	-	urn:uuid:b3416d52-979c-4a2f-8187-b4e3bd15ba3c	-	calibre (0.6.12) [http://calibre.kovidgoyal.net]	2009-09-12T07:26:02
196437	16290	UND	Scott Gier	Planetfall	-	Science Fiction	-	-	-	Third Millennium Publishing	9781932657265	-	calibre (0.6.53) [http://calibre-ebook.com]	2007-12-22 00:00:00-05:00
160721	10035	UND	Barb Hendee	Thief of Lives	-	Fantasy	-	-	-	ROC	9780451459534	-	calibre (0.6.53) [http://calibre-ebook.com]	2009-04-23 19:08:16-04:00
181531	11221	UND	Barb Hendee	Through Stone and Sea	-	Fantasy	-	NONE	-	Roc Hardcover	9780451463128	-	calibre (0.6.53) [http://calibre-ebook.com]	2010-01-05 00:00:00-05:00
141231	9534	UND	Barb Hendee	Sister of the Dead	-	Fantasy	-	-	-	Orbit	9781841493664	-	calibre (0.6.53) [http://calibre-ebook.com]	2009-04-23 19:08:16-04:00
138974	8965	UND	Barb Hendee	Dhampir	-	Fantasy	-	-	-	Time Warner Books Uk	9781841493640	-	calibre (0.6.53) [http://calibre-ebook.com]	2009-04-23 19:08:16-04:00
104007	10122	UND	Robert Louis Stevenson	Treasure Island	-	Fiction	-	NONE	-	Macmillan	9781411433342	-	-	1922-07-15 00:00:00-08:00
138224	7591	UND	Danielle Steel	Sisters	-	-	-	copyright Â© 2007 by Danielle Steel	-	Delta	9780385342261	-	calibre (0.6.12) [http://calibre.kovidgoyal.net]	2007-09-23T00:00:00
136534	15496	UND	Gary Shteyngart	Absurdistan	-	
   	-	-	-	RH Trade	0345494237	-	calibre (0.6.29) [http://calibre-ebook.com]	2010-10-31T00:00:00
77385	7644	UND	Charles Williams	And The Deep Blue Sea	-	-	-	©	-	-	-	-	-	2010-07-27 00:00:00-05:00
72276	5830	UND	Charles Williams	Go Home, Stranger	-	-	-	©	-	-	-	-	-	2010-07-19 00:00:00-05:00
70355	6892	UND	Charles Williams	Man on a Leash	-	-	-	©	-	-	-	-	-	2010-07-27 00:00:00-05:00
79723	5531	UND	Charles Williams	A Touch of Death	-	-	-	©	-	-	-	-	-	2010-07-17 00:00:00-05:00
81989	6179	UND	Charles Williams	Gulf Coast Girl	-	-	-	©	-	-	-	-	-	2010-07-19 00:00:00-05:00
57927	5416	UND	Charles Williams	The Long Saturday Night	-	-	-	©	-	-	-	-	-	2010-07-25 00:00:00-05:00
83274	5270	UND	Charles Williams	Hell Hath No Fury	-	-	-	©	-	-	-	-	-	2010-07-17 00:00:00-05:00
60319	5708	UND	Charles Williams	The Sailcloth Shroud	-	-	-	©	-	-	-	-	-	2010-07-24 00:00:00-05:00
81747	4910	UND	Charles Williams	The Diamond Bikini	-	-	-	©	-	-	-	-	-	2010-07-20 00:00:00-05:00
74905	5427	UND	Charles Williams	Hill Girl	-	-	-	©	-	-	-	-	-	2010-07-16 00:00:00-05:00
69886	5586	UND	Charles Williams	Big City Girl	-	-	-	©	-	-	-	-	-	2010-07-15 00:00:00-05:00
89818	6744	UND	Charles Williams	Talk of The Town	-	-	-	©	-	-	-	-	-	2010-07-23 00:00:00-05:00
63149	7183	UND	Charles Williams	The Wrong Venus	-	-	-	©	-	-	-	-	-	2010-07-27 00:00:00-05:00
84932	6770	UND	Charles Williams	Dead Calm	-	-	-	©	-	-	-	-	-	2010-07-25 00:00:00-05:00
98254	6070	UND	Charles Williams	River Girl	-	-	-	©	-	-	-	-	-	2010-07-17 00:00:00-05:00
64437	5310	UND	Charles Williams	Man On The Run	-	-	-	©	-	-	-	-	-	2010-07-23 00:00:00-05:00
83165	6286	UND	Charles Williams	The Big Bite	-	-	-	©	-	-	-	-	-	2010-07-20 00:00:00-05:00
79807	6009	UND	Charles Williams	Nothing In Her Way	-	-	-	©	-	-	-	-	-	2010-07-17 00:00:00-05:00
166221	16781	UND	Richard Dawkins	The God delusion	-	Controversial literature	-	-	-	Houghton Mifflin Harcourt	9780618680009	-	calibre (0.6.47) [http://calibre-ebook.com]	2006-04-15T04:00:00+00:00
137712	13596	UND	Kate Summerscale	The Suspicions of Mr. Whicher: A Shocking Murder And The Undoing Of A Great Victorian Detective	-	Detectives	-	-	-	Walker & Company	9780802715357	-	calibre (0.6.45) [http://calibre-ebook.com]	2008-04-15T04:00:00+00:00
54458	6140	UND	Ben Horton	Monster Republic	-	General	-	Copyright © Hothouse Fiction Ltd, 2010	-	Corgi Childrens	9780552560573	-	calibre (0.6.53) [http://calibre-ebook.com]	2010-01-07 00:00:00-05:00
311422	15847	UND	Alexandre Dumas	The Three Musketeers	-	Fiction	-	NONE	-	Books LLC	9781411433298	-	-	2009-07-15 00:00:00-07:00
110027	7794	UND	Carmody, Isobelle	Winter Door	-	-	-	-	-	Yearling	13c7933d-e013-4f79-8b97-eb7d024640aa	-	calibre (0.7.1) [http://calibre-ebook.com]	2007-09-11T06:00:00+00:00
87048	6590	UND	Carmody, Isobelle	Night Gate	-	-	-	-	-	Yearling	b6838c09-fbf3-4883-a09a-a4c23701b045	-	calibre (0.7.1) [http://calibre-ebook.com]	2007-09-11T06:00:00+00:00
62002	5785	UND	Charles Williams	Aground	-	-	-	©	-	-	-	-	-	2010-07-24 00:00:00-05:00
66642	7357	UND	Morris, Mark	Bay of the Dead	-	-	-	-	-	BBC Digital	bc681ee9-2b0b-47a0-872f-2edff8edbf13	-	calibre (0.7.1) [http://calibre-ebook.com]	2009-12-23 00:00:00-07:00
172607	8099	UND	Laurell K Hamilton	Bullet	-	-	-	Copyright © 2010 by Laurell K. Hamilton	-	Penguin USA-CA	5958c2d4-81fb-404b-bf19-3f77a0bb4627	-	calibre (0.6.53) [http://calibre-ebook.com]	2010-06-01 00:00:00-04:00
76995	8177	UND	John Steinbeck	Once there was a war	-	History	-	-	-	Viking Press	462b7093-850c-4fa2-b8ab-03c8b114a4a3	-	calibre (0.7.10) [http://calibre-ebook.com]	1958-10-17 00:00:00-08:00
68812	6636	UND	John Steinbeck	Tortilla Flat	-	Fiction	-	-	-	Penguin Group USA	9780143105770	-	calibre (0.7.10) [http://calibre-ebook.com]	2009-07-08 00:00:00-07:00
286559	15505	UND	John Steinbeck	East of Eden	-	-	-	-	-	Penguin Classics	9780140186390	-	calibre (0.7.12) [http://calibre-ebook.com]	2010-07-31 00:00:00-06:00
101599	9125	UND	Alexandra Benedict	The Notorious Scoundrel	-	Romance	-	Copyright © 2010 by Alexandra Benedikt	-	HarperCollins	9780061689321	-	calibre (0.6.53) [http://calibre-ebook.com]	2010-05-11 00:00:00-04:00
154155	9435	UND	Devon Monk	Magic in the Shadows	-	Fantasy	-	-	-	ROC	9780451462879	-	calibre (0.6.20) [http://calibre-ebook.com]	2009-11-02T04:00:00
124002	8559	UND	Ryan Hughes	The Darkness Before the Dawn	-	-	-	-	-	Wizards of the Coast	9780786901043	-	calibre (0.7.16) [http://calibre-ebook.com]	1995-02-21 00:00:00-07:00
214850	13230	UND	Matthew Kneale	English passengers	-	General	-	-	-	Nan A. Talese	9780385497435	-	calibre (0.6.26) [http://calibre-ebook.com]	2000-12-14T23:00:00
253191	18845	UND	George Bernard Shaw	Pygmalion and three other plays	-	Fiction	-	NONE	-	Spark Educational Publishing	9781411433007	-	-	2004-02-11 00:00:00-08:00
135681	13186	UND	Tom Knox	The Genesis Secret	-	Fiction	-	Copyright (c) Tom Knox 2009	-	Plume	9780452296336	-	calibre (0.6.53) [http://calibre-ebook.com]	2010-05-04 00:00:00-04:00
144727	13988	UND	Tom Knox	The Marks of Cain	-	Action & Adventure	-	Copyright (c) Tom Knox 2010	-	HarperCollins Publishers Limited	9780007342617	-	calibre (0.6.53) [http://calibre-ebook.com]	2010-04-15 00:00:00-04:00
132674	11507	UND	K. M. Soehnlein	Robin and Ruby	-	-	-	Copyright © 2010 by K. M. Soehnlein	-	Kensington	9780758258052	-	K. M. Soehnlein	2010-04-05 00:00:00+02:00
163056	13681	UND	Lawrence G. McDonald	A colossal failure of common sense: the inside story of the collapse of Lehman Brothers	-	United States	-	Copyright Â© 2009 by Lawrence G. McDonald and Patrick Robinson	-	Random House, Inc.	9780307588333	-	calibre (0.7.10) [http://calibre-ebook.com]	2009-07-21 10:21:39.964000-07:00
64272	5888	UND	C. S. Lewis	The Voyage of the Dawn Treader	-	Fantasy	-	-	-	Tyndale House Publishers	72	-	calibre (0.5.8) [http://calibre.kovidgoyal.net]	2009-04-23T19:08:36
53454	4921	UND	C. S. Lewis	The Last Battle	-	Fantasy	-	-	-	HarperTrophy	627aa299-30b8-416e-8e25-ce81bf93302c	-	calibre (0.5.8) [http://calibre.kovidgoyal.net]	2009-04-23T19:08:38
56817	5484	UND	C. S. Lewis	Prince Caspian	-	Fantasy	-	-	-	London : Collins, 1997.	71	-	calibre (0.5.8) [http://calibre.kovidgoyal.net]	2009-04-23T19:08:36
51718	4802	UND	C. S. Lewis	The magician's nephew	-	Fantasy	-	-	-	New York : Macmillan, 1988, c1955.	74	-	calibre (0.5.8) [http://calibre.kovidgoyal.net]	2009-04-23T19:08:37
46378	4404	UND	C. S. Lewis	The Lion, The Witch and the Wardrobe	-	Fantasy	-	-	-	HarperCollins	70	-	calibre (0.5.8) [http://calibre.kovidgoyal.net]	2009-04-23T19:08:36
59537	5580	UND	C. S. Lewis	The Horse and His Boy	-	Fantasy	-	-	-	HarperChildrensAudio	75	-	calibre (0.6.10) [http://calibre.kovidgoyal.net]	2009-04-23T00:00:00
64687	5718	UND	C. S. Lewis	Silver Chair	-	Fantasy	-	-	-	Scholastic Inc	73	-	calibre (0.5.8) [http://calibre.kovidgoyal.net]	2009-04-23T19:08:37
130792	12608	UND	Sojourner Truth	The Narrative of Sojourner Truth	-	Biography	-	NONE	-	BiblioBazaar, LLC	9781411432758	-	-	2008-08-18 00:00:00-07:00
171039	14032	UND	David Nicholls	One Day	Fiction	Fiction	-	-	-	Random House, Inc.	9780307474711	-	-	2010-07-15 02:49:07.521000-07:00
98210	9973	UND	Max Allan Collins	You Can’t Stop Me	-	-	-	Copyright © 2010 Max Allan Collins and Matthew Clemens	-	Kensington	9780786024513	-	Max Allan Collins and Matthew Clemens	2010-03-10 00:00:00+01:00
465472	19391	UND	Leo Nikoleyevich Tolstoy	Anna Karenina	-	History	-	NONE	-	BiblioBazaar, LLC	9781411431775	-	-	2009-07-15 00:00:00-07:00
146694	10468	UND	Randy Singer	By Reason of Insanity	-	Randy Singer	-	-	-	Tyndale House Publishers	4faaa4a2-7d10-490c-b38a-91b3774f9c05	-	calibre (0.6.24) [http://calibre-ebook.com]	2009-11-18T07:00:00
192529	16145	UND	Michael Dobbs	One minute to midnight: Kennedy, Khrushchev, and Castro on the brink of nuclear war	-	-	-	-	-	Alfred A. Knopf	9781400043583	-	calibre (0.6.55) [http://calibre-ebook.com]	2008-06-03T07:00:00+00:00
112830	10609	UND	Willa Cather	My Antonia	-	Fiction	-	NONE	-	BiblioBazaar, LLC	9781411433885	-	-	2008-08-15 00:00:00-07:00
80358	7947	UND	Boyd, Gregory A.	The Myth of a Christian Religion	-	-	-	-	-	Zondervan	dcc3e5f2-50ca-4b55-8f76-b9b0d081fe18	-	calibre (0.6.43) [http://calibre-ebook.com]	2009-06-01 00:00:00-05:00
63831	6883	UND	Adams, Guy	The House That Jack Built	-	-	-	-	-	BBC Digital	f831bd96-a13b-49e4-84f6-8d59d87c65fe	-	calibre (0.7.1) [http://calibre-ebook.com]	2009-12-23 00:00:00-07:00
122834	10736	UND	Lynn Viehl	Shadowlight	-	Romance	-	-	-	Onyx; New American Library	urn:uuid:b6f63cf5-7225-400d-9d5b-e5dc7640b267	-	calibre (0.6.17) [http://calibre-ebook.com]	2009-10-12T04:00:00
450857	14789	UND	Larry McMurtry	Lonesome Dove	-	-	-	-	-	Simon and Schuster	9781439195260	-	calibre (0.7.16) [http://calibre-ebook.com]	2010-09-15 00:00:00-06:00
128741	18807	UND	Alan Weisman	The World Without Us	-	Human-animal relationships	-	-	-	Macmillan	c7ad966e-3fb6-47a1-a0a6-129c5fc11d2d	-	calibre (0.7.10) [http://calibre-ebook.com]	2008-08-05 00:00:00-07:00
59023	6190	UND	Nancy Ortberg	Unleashing The Power Of Rubber Bands	-	-	-	-	-	Tyndale House	CBUSCETYN02D0V0N	-	-	2008-07-31
105162	11987	UND	H. N. Pollack	A World Without Ice	-	General	-	NONE	-	Avery	9781583333570	-	calibre (0.7.10) [http://calibre-ebook.com]	2009-10-15 10:27:28.421000-07:00
215450	12106	UND	James Barclay	Elfsorrow	-	Fantasy	-	NONE	-	Orion Publishing Group	592fa4b9-bfeb-4c4a-ae8e-05cec2715269	-	calibre (0.6.44) [http://calibre-ebook.com]	2010-03-29T18:30:00+00:00
81164	6859	UND	Cindi Myers	Rock my world	-	Romance	-	Copyright © 2005 by Cynthia Myers.	-	Toronto : Harlequin Books, c2005.	9780373792191	-	calibre (0.6.53) [http://calibre-ebook.com]	2005-11-01 00:00:00-04:00
207789	13983	UND	Wooding, Chris	Braided Path 02 - The Skein Of Lament	-	-	-	-	-	The Braided Path	4e4f91dc-dc0c-4f49-9b2d-ee7665186e8b	-	calibre (0.7.1) [http://calibre-ebook.com]	2010-08-26T05:00:00+00:00
53108	6090	UND	Randy Pausch	The last lecture	-	Biography	-	-	-	Hyperion	e8521cad-98b2-46a0-8669-5dee671cae31	-	calibre (0.5.11) [http://calibre.kovidgoyal.net]	2008-04-08 00:00:00-07:00
101897	8501	UND	Pamela Britton	Tempted	-	-	-	Copyright 2008 by Sophia Nash	-	Hachette Book Group USA	9780446506328	-	Faith Words	2008-06-12 00:00:00+02:00
94881	11721	UND	Chuck Palahniuk	Rant: An Oral Biography of Buster Casey	-	Fiction	-	Copyright © 2007 by Chuck Palahniuk	-	Random House, Inc.	9780385523295	-	calibre (0.6.49) [http://calibre-ebook.com]	2007-05-01 04:04:34.123000-07:00
52376	9147	UND	Chuck Palahniuk	Tell-All	-	-	-	Copyright © 2010 by Chuck Palahniuk	-	Random House	9780224087155	-	calibre (0.6.53) [http://calibre-ebook.com]	2010-06-15 00:00:00-04:00
357392	17856	UND	Elizabeth Gaskell	Wives and Daughters	-	Fiction	-	NONE	-	Wordsworth Editions	9781411433526	-	-	1999-11-18 00:00:00-08:00
59461	6808	UND	Hunter S. Thompson	The Curse of Lono	-	United States	-	-	-	Taschen	9783822836569	-	calibre (0.6.49) [http://calibre-ebook.com]	2005-05-15 04:10:24.781000-07:00
124258	9056	UND	Sarah d'Almeida	the musketeer's seamstress	-	-	-	-	-	PENGUIN group	9b06318c-dacf-428a-8784-73121171988b	-	calibre (0.6.37) [http://calibre-ebook.com]	2010-03-31T12:27:23
120287	8780	UND	Sarah d'Almeida	Dying by the sword	-	-	-	-	-	PENGUIN group	9781440654732	-	calibre (0.6.37) [http://calibre-ebook.com]	2010-03-31T12:27:26
84018	8592	UND	Moore, Kate	To Tempt a Saint	-	-	-	-	-	PENGUIN group	7fb2a0d9-cad9-48b6-8d5f-d99e797ed3bb	-	calibre (0.6.33) [http://calibre-ebook.com]	2010-01-15T10:38:04
114190	9490	UND	Terry Joseph	From Dawn to Deceit	FICTION	-	-	-	-	Xlibris	CBUSCEXLB000BX00	-	-	2010-03-01
96290	9448	UND	Barry Unsworth	Land of Marvels	-	Fiction	-	-	-	Center Point Large Print	9781602853997	-	calibre (0.6.53) [http://calibre-ebook.com]	2009-01-06 00:00:00-05:00
112769	8963	UND	Joy Nash	Celtic Fire	-	Romance	-	-	-	Dorchester Publishing Co.	urn:uuid:de7d73ac-3b0f-41d6-b670-1c25171d8fd7	-	calibre (0.6.11) [http://calibre.kovidgoyal.net]	2005-06-17T00:00:00
121284	9176	UND	Joy Nash	The Grail King	-	Romance	-	-	-	Dorchester Publishing Co.	urn:uuid:a90d00b5-e2f6-43b7-86e0-3d734c138961	-	calibre (0.6.11) [http://calibre.kovidgoyal.net]	2006-08-17T00:00:00
175419	13042	UND	Jim Butcher	Small Favor	-	Fantasy fiction	-	-	-	ROC	9780451462008	-	calibre (0.6.53) [http://calibre-ebook.com]	2009-03-02 00:00:00-08:00
177919	12786	UND	Jim Butcher	Turn Coat	-	Fantasy fiction	-	-	-	Penguin Group	9780451462565	-	calibre (0.6.53) [http://calibre-ebook.com]	2009-04-06 00:00:00-07:00
136367	9803	UND	Jim Butcher	Death Masks	-	Fantasy fiction	-	-	-	ROC BOOKS	4ac6eb4f-9a3b-4131-9900-81080d6ec332	-	calibre (0.6.53) [http://calibre-ebook.com]	2009-11-02 00:00:00-08:00
140838	10162	UND	Jim Butcher	Summer Knight	-	Fantasy fiction	-	-	-	ROC	4d84db08-09f2-456b-9601-765732cd9ac5	-	calibre (0.6.53) [http://calibre-ebook.com]	2009-07-06 00:00:00-07:00
106812	8508	UND	Jim Butcher	Storm Front	-	Fantasy fiction	-	-	-	ROC	62f60e62-850a-44c1-9707-9a217b80fe8a	-	calibre (0.6.53) [http://calibre-ebook.com]	2007-11-05 00:00:00-08:00
193548	12684	UND	Jim Butcher	Proven Guilty	-	Fantasy fiction	-	-	-	Penguin Group	71	-	calibre (0.5.9) [http://calibre.kovidgoyal.net]	2006-05-01 00:00:00-07:00
164476	11590	UND	Jim Butcher	White Night	-	Science fiction	-	-	-	Penguin Group	8c6ac154-ff58-422d-b6e1-931467601060	-	calibre (0.6.53) [http://calibre-ebook.com]	2007-04-02 00:00:00-07:00
185303	13279	UND	Jim Butcher	Changes	-	Fantasy fiction	-	Copyright © 2010 by Jim Butcher	-	ROC BOOKS	9780451463173	-	calibre (0.6.53) [http://calibre-ebook.com]	2010-07-14 00:00:00-07:00
155262	10535	UND	Jim Butcher	Blood Rites	-	Fantasy	-	-	-	Penguin Group USA	39638525-89e1-47a3-9e40-4bf496dba630	-	calibre (0.6.53) [http://calibre-ebook.com]	2010-07-05 00:00:00-07:00
184704	11200	UND	Jim Butcher	Dead Beat	-	Fantasy fiction	-	-	-	ROC	8c3d169d-f617-47c9-8060-405ca5c212e3	-	calibre (0.6.53) [http://calibre-ebook.com]	2006-05-01 00:00:00-07:00
252663	16193	UND	Louisa May Alcott	Little Women	-	B&N Classics	-	NONE	-	Plain Label Books	9781411432574	-	-	2005-03-01 00:00:00-08:00
252426	18940	UND	Walter Scott	Ivanhoe - A Romance	-	Fiction	-	NONE	-	READ BOOKS	9781411432420	-	-	2008-05-18 00:00:00-07:00
116461	7650	UND	Marie Force	Love at First Flight	-	-	-	-	-	-	urn:uuid:c5c40387-7aa7-4300-bd3c-a2d8602e1281	-	calibre (0.6.12) [http://calibre.kovidgoyal.net]	2009-10-03T09:33:48
118782	9466	UND	Alton Gansky	The incumbent	-	Fiction	-	2004	-	Grand Rapids, Mich. : Zondervan, c2004.	9780310249580	-	calibre (0.6.53) [http://calibre-ebook.com]	2010-04-23 00:00:00-04:00
74811	7341	UND	Cartmel, Andrew,Lidster, Joseph,Llewellyn, David,M	Consequences	-	-	-	-	-	BBC Digital	82cd504e-baf5-4a87-ac0d-ee9f5f481ac5	-	calibre (0.7.1) [http://calibre-ebook.com]	2010-06-30 00:00:00-07:00
131900	10567	UND	Ace Atkins	Devil's Garden	-	Fiction	-	-	-	Putnam Adult	9780399155369	-	calibre (0.6.53) [http://calibre-ebook.com]	2009-04-07 00:00:00-04:00
139323	12806	UND	Ace Atkins	Infamous	-	Fiction	-	-	-	Putnam Adult	9780399156304	-	calibre (0.6.53) [http://calibre-ebook.com]	2010-04-15 00:00:00-04:00
83070	8140	UND	Diana Orgain	Motherhood is Murder	-	-	-	-	-	PENGUIN group	bb75a418-3ca6-463e-9a5a-e4a8ba9acffc	-	calibre (0.6.42) [http://calibre-ebook.com]	2010-03-02T05:00:00+00:00
319112	25195	UND	Edgar Allan Poe	Essential Tales and Poems of Edgar Allan Poe	-	Fiction	-	NONE	-	BARNES & NOBLE	9781411432147	-	-	2008-03-29 00:00:00-07:00
104796	9186	UND	Deborah Vogts	Snow Melts in Spring	-	-	-	-	-	Zondervan	CBUSCEZVN02DNS0A	-	-	2009-09-01 00:00:00+02:00
80871	7409	UND	McNab, Andy,Rigby, Robert	Payback	-	-	-	-	-	RHCB Digital	c8780b4b-37c1-456b-8c14-c823495dac02	-	calibre (0.6.45) [http://calibre-ebook.com]	2009-12-23T00:00:00+00:00
205198	15857	UND	Edward M. Kennedy	True Compass: A Memoir	-	General	-	-	-	Grand Central Publishing	9780446539258	-	calibre (0.6.53) [http://calibre-ebook.com]	2009-10-27 00:00:00-04:00
155967	11662	UND	Adornetto, Alexandra	Halo	-	-	-	-	-	Feiwel & Friends	74b98fb7-d553-4c9d-bae9-d8a3f6097da2	-	calibre (0.6.32) [http://calibre-ebook.com]	2010-09-02T08:48:52
150920	14860	UND	Robert Ludlum	The Bourne Deception	-	Fiction	-	-	-	Hachette Group	9781409102984	-	calibre (0.6.53) [http://calibre-ebook.com]	2009-06-30 21:00:00-07:00
251138	21076	UND	Russo, Gus	The Outfit	-	-	-	-	-	Bloomsbury USA	49e07269-896c-409b-be93-704337e42eb4	-	calibre (0.6.47) [http://calibre-ebook.com]	2008-12-02T06:00:00+00:00
163169	11156	UND	Riordan, Rick	The Red Pyramid	-	Fiction - Young Adult	-	-	-	Disney Hyperion	86e3879b-e8e1-4874-bc71-b11181a76d91	-	calibre (0.6.48) [http://calibre-ebook.com]	2010-05-04T04:00:00+00:00
69421	8250	UND	Frederick Douglass	Narrative of the Life of Frederick Douglass, an American Slave	-	Biography	-	NONE	-	Barnes&Noble	9781411432765	-	-	2004-07-13 00:00:00-07:00
131887	12576	UND	Gita Nazareth	Forgiving Ararat	-	-	-	-	-	Bette Press	9780982560501	-	calibre (0.6.21) [http://calibre-ebook.com]	2009-12-10T22:00:00
192836	13045	UND	David Plouffe	The Audacity to Win: The Inside Story and Lessons of Barack Obama's Historic Victory	-	General	-	-	-	Viking Adult	9780670021338	-	calibre (0.6.24) [http://calibre-ebook.com]	2009-11-14T05:00:00
32260	4568	UND	Brynn Paulin	Belonging to Them	-	Multiple Partner Erotic Romance	-	Resplendence Publishing, LLC 2665 N Atlantic Ave #349 Daytona Beach, FL 32118 Belonging to Them Copyright © 2010, Brynn Paulin Edited by Christine Allen-Riley Cover art by Les Byerley www.les3photo8.com Electronic format ISBN: 978-1-60735-141-2 Warning: All rights reserved. The unauthorized reproduction or distribution of this copyrighted work is illegal. Criminal copyright infringement, including infringement without monetary gain, is investigated by the FBI and is punishable by up to 5 years in federal prison and a fine of $250,000. Electronic release: April 2010 This is a work of fiction. Names, characters, places and occurrences are a product of the author's imagination. Any resemblance to actual persons, living or dead, places or occurrences, is purely coincidental.	-	Resplendence Publishing, LLC	9781607351412	-	calibre (0.6.53) [http://calibre-ebook.com]	2010-04-21 00:00:00-04:00
64976	5955	UND	Barbara McMahon	Accidentally the Sheikh's Wife	-	Romance	-	Copyright © 2010 by Barbara McMahon.	-	Harlequin	9780373176441	-	calibre (0.6.53) [http://calibre-ebook.com]	2010-03-16 00:00:00-04:00
129526	8765	UND	Mankell Henning	Kennedy's Brain	-	english	-	
         This electronic book is sold subject to the condition that it shall not by way of trade or otherwise, be lent, resold, hired out, or otherwise circulated without the publisher's prior consent in any form other than that in which it is published and without a similar condition including this condition being imposed on the subsequent purchaser
      	-	Random House Publishing Group	9781407017198	-	-	-
53270	4238	UND	Mankell Henning	A Bridge to the Stars	-	english	-	
         This electronic book is sold subject to the condition that it shall not by way of trade or otherwise, be lent, resold, hired out, or otherwise circulated without the publisher's prior consent in any form other than that in which it is published and without a similar condition including this condition being imposed on the subsequent purchaser
      	-	Andersen Press	9781849398114	-	-	-
110406	8865	UND	Mankell Henning	The Eye Of The Leopard	-	english	-	
         This electronic book is sold subject to the condition that it shall not by way of trade or otherwise, be lent, resold, hired out, or otherwise circulated without the publisher's prior consent in any form other than that in which it is published and without a similar condition including this condition being imposed on the subsequent purchaser
      	-	Random House Publishing Group	9781407016368	-	-	-
93366	9657	UND	Sebastian Junger	War	-	History	-	Copyright © 2010 by Sebastian Junger	-	HarperCollins Publishers Limited	9780007337705	-	-	2010-07-15 00:00:00-07:00
190301	13010	UND	James Fenimore Cooper	The Last of the Mohicans	-	Classics	-	NONE	-	Saddleback Pub	9781411432512	-	-	2010-09-01 00:00:00-07:00
76512	6061	UND	B. J. Daniels	Love at First Sight	-	Romance	-	Copyright © 2000 by Barbara Heinlein	-	Richmond : Silhouette, 2000.	9780373225552	-	calibre (0.6.53) [http://calibre-ebook.com]	2000-10-20 00:00:00-04:00
59667	5162	UND	B. J. Daniels	When Twilight Comes	-	Romance	-	-	-	Harlequin	9780373228768	-	calibre (0.6.53) [http://calibre-ebook.com]	2005-10-01 00:00:00-04:00
75672	5657	UND	B. J. Daniels	Keeping Christmas	-	Romance	-	-	-	Harlequin Books	9780373229536	-	calibre (0.6.53) [http://calibre-ebook.com]	2006-11-07 00:00:00-05:00
71752	5703	UND	B. J. Daniels	Secret Weapon Spouse	-	Romance	-	-	-	Harlequin	9780373229154	-	calibre (0.6.53) [http://calibre-ebook.com]	2006-05-09 00:00:00-04:00
71872	5491	UND	B. J. Daniels	Big Sky Standoff	-	Romance	-	-	-	Harlequin Books	9780373692361	-	calibre (0.6.53) [http://calibre-ebook.com]	2007-02-13 00:00:00-05:00
83934	6360	UND	Peter Pezzelli	Home to Italy	-	-	-	Copyright © 2004 Peter Pezzelli	-	Kensington	978-0-7582-6555-5	-	Peter Pezzelli	2004-06-12 00:00:00+02:00
79875	8910	UND	Dennis Lehane	Boston Noir	-	Dennis Lehane	-	-	-	Akashic Books	9781933354910	-	calibre (0.6.20) [http://calibre-ebook.com]	2009-10-31T07:00:00
80426	6676	UND	Karin Fossum	The Water's Edge	-	-	-	-	-	Random House Group Limited	9781409078869	-	calibre (0.6.51) [http://calibre-ebook.com]	2009-09-23T10:33:52+00:00
66014	7639	UND	Goss, James	Risk Assessment	-	-	-	-	-	BBC Digital	da2074de-d13b-4498-9e4d-ce5a040fda5b	-	calibre (0.7.1) [http://calibre-ebook.com]	2010-06-30 00:00:00-07:00
78465	8037	UND	Goss, James	Almost Perfect	-	-	-	-	-	BBC Digital	9609f681-42a7-4475-bd01-1db9afcdd79c	-	calibre (0.7.1) [http://calibre-ebook.com]	2010-07-31 00:00:00-07:00
144497	13466	UND	Leonardo da Vinci	Notebooks	-	History	-	-	-	Oxford University Press	95a5ee11-e6dd-436e-9288-43f99288d473	-	calibre (0.7.10) [http://calibre-ebook.com]	2008-07-15 00:00:00-07:00
73009	7261	UND	Beryl Bainbridge	Another part of the wood	-	Fiction	-	All rights reserved.	-	London : Duckworth, 1979.	9780715612347	-	calibre (0.6.53) [http://calibre-ebook.com]	1979-05-15 00:00:00-04:00
98664	8310	UND	Melissa Marr	Wicked Lovely Free with Bonus Material	-	-	-	All rights reserved	-	HarperCollins	9780062009371	-	-	2010-04-23 16:02:14.067000+02:00
7765	1562	UND	Melissa Marr	Stopping Time, Part 2	-	-	-	Copyright © 2010 by Melissa Marr	-	HarperCollins	978-0-06-200745-2	-	Melissa Marr	2010-04-05 00:00:00+02:00
8923	1840	UND	Melissa Marr	Stopping Time, Part 1	-	-	-	Copyright © 2010 by Melissa Marr	-	HarperCollins	978-0-06-20074-45	-	Melissa Marr	2010-04-05 00:00:00+02:00
181115	10735	UND	Bradby, Tom	The Master of Rain	-	-	-	-	-	Knopf Group E-Books	bbd30717-5b39-4bf3-bd10-1546a6703c62	-	calibre (0.6.46) [http://calibre-ebook.com]	2003-05-06T06:00:00+00:00
108178	10221	UND	Ian C. Esslemont	Night of Knives	-	-	-	-	-	A Tom Doherty Associates	cf66efd1-301e-4fce-bea3-a5ce12e5a6b1	-	calibre (0.6.31) [http://calibre-ebook.com]	2009-12-30T13:15:02
119091	8629	UND	Harlan Coben	Caught	-	-	-	-	-	Penguin Group USA	9780525951582	-	calibre (0.6.44) [http://calibre-ebook.com]	2010-03-23T04:00:00+00:00
143158	15171	UND	Cooper, Glenn	Secret of the Seventh Sons	-	-	-	-	-	HarperCollins e-books	365f025a-b957-4dba-8dec-3b5dac61f9b4	-	calibre (0.6.47) [http://calibre-ebook.com]	2009-07-28T05:00:00+00:00
250947	19172	UND	Charlotte Bronte	Jane Eyre	-	Fiction	-	NONE	-	Samphire Press	9781411433861	-	-	2010-01-15 00:00:00-08:00
397549	20071	UND	Charles Dickens	Our mutual friend	-	Fiction	-	-	-	Modern Library	91cfcd45-684d-4c6e-9b50-ece19c89dc20	-	calibre (0.5.11) [http://calibre.kovidgoyal.net]	2002-09-10 00:00:00-07:00
124086	10215	UND	Uwem Akpan	Say You’re One of Them	-	FIC029000	-	-	-	Little, Brown and Company	cfd2aa82-bd55-41bf-8a49-047d38d7e270	-	calibre (0.6.19) [http://calibre-ebook.com]	2009-11-06T05:00:00
106411	7956	UND	Simon Hawke	The Nomad	-	-	-	-	-	Wizards of the Coast	9781560767022	-	calibre (0.7.15) [http://calibre-ebook.com]	1994-10-25 00:00:00-06:00
100363	7939	UND	Simon Hawke	The Seeker	-	-	-	-	-	TSR	9780099454519	-	calibre (0.7.15) [http://calibre-ebook.com]	1994-12-01 00:00:00-07:00
89137	7903	UND	Simon Hawke	The Broken Blade	-	-	-	-	-	Wizards of the Coast	9780786901371	-	calibre (0.7.16) [http://calibre-ebook.com]	1995-05-23 00:00:00-06:00
105526	8225	UND	Simon Hawke	The Outcast	-	-	-	-	-	TSR	9781560766766	-	calibre (0.7.15) [http://calibre-ebook.com]	1993-11-16 00:00:00-07:00
117863	7656	UND	Jaci Burton	Bound, Branded, & Brazen	-	Romance	-	NONE	-	Penguin Group USA	9780425232699	-	calibre (0.6.53) [http://calibre-ebook.com]	2010-03-02 00:00:00-05:00
107711	7198	UND	Jaci Burton	Taken by Sin	-	Fantasy	-	-	-	Random House, Inc.	9780440244554	-	calibre (0.6.53) [http://calibre-ebook.com]	2009-06-23 00:00:00-04:00
112764	7480	UND	Jaci Burton	The Darkest Touch	-	Fantasy	-	-	-	Dell	9780440244547	-	calibre (0.6.53) [http://calibre-ebook.com]	2008-10-28 00:00:00-04:00
136661	10550	UND	Ken Follett	The Man from St. Petersburg	-	Great Britain	-	NONE	-	Penguin Group	9781101043882	-	-	2003-06-03 14:09:34.099000-07:00
206619	11725	UND	C. E. Murphy	The Pretender's Crown	-	Fantasy	-	-	-	Ballantine Books	fe71be12-0e86-409a-b87b-f3a885073025	-	calibre (0.6.53) [http://calibre-ebook.com]	2009-05-04 00:25:35-04:00
146432	10689	UND	C. E. Murphy	Heart of Stone	-	Fantasy	-	-	-	Harlequin	9300d5a4-07cc-44d9-a977-15ca9920f836	-	calibre (0.6.53) [http://calibre-ebook.com]	2009-04-23 19:08:31-04:00
128860	9677	UND	C. E. Murphy	Thunderbird Falls	-	Fantasy	-	-	-	-	59	-	calibre (0.5.8) [http://calibre.kovidgoyal.net]	2009-04-23 19:08:32-04:00
138389	10061	UND	C. E. Murphy	Coyote Dreams	-	Fantasy	-	-	-	Harlequin	ed198831-7584-4763-a0bf-4517d35ce975	-	calibre (0.6.53) [http://calibre-ebook.com]	2009-04-23 19:08:33-04:00
173889	11321	UND	C. E. Murphy	The Queen's Bastard	-	Fantasy	-	-	-	-	eddaa37f-876f-41fa-905a-7da1a5c89f0a	-	calibre (0.6.53) [http://calibre-ebook.com]	2009-04-23 19:08:32-04:00
126461	9042	UND	C. E. Murphy	Urban Shaman	-	Fantasy	-	-	-	-	ac1c3262-4017-4834-a8c1-9cd2a54cdf82	-	calibre (0.6.53) [http://calibre-ebook.com]	2009-04-23 19:08:32-04:00
133231	14888	UND	David Grann	The Lost City of Z: A Tale of Deadly Obsession in the Amazon	-	History	-	copyright Â© 2005 by David Grann	-	Random House, Inc.	9781400078455	-	-	2010-01-05 00:00:00-08:00
156719	14762	UND	David Grann	The Devil and Sherlock Holmes: Tales of Murder, Madness, and Obsession	-	History	-	Copyright © 2010 by David Grann	-	Simon & Schuster, Limited	CBUSCERHI02OUK0T	-	-	2010-07-15 14:04:28.624000-07:00
116843	11885	UND	Garcia, Eric	Repo Men	-	-	-	-	-	HarperCollins e-books	e6a96642-1e44-4561-b5b2-7d377ef25936	-	calibre (0.6.16) [http://calibre-ebook.com]	2010-03-17T05:00:00
126533	10633	UND	Michele Young-Stone	The Handbook for Lightning Strike Survivors	-	Family & Friendship	-	Copyright © 2010 by Michele Young-Stone	-	Crown Publishing Group	9780307464491	-	calibre (0.6.51) [http://calibre-ebook.com]	2010-05-06T07:00:00+00:00
18626	2704	UND	Neil Gaiman	Odd and the Frost Giants	-	Science fiction	-	Copyright © 2009 by Neil Gaiman	-	HarperCollins	9780061964879	-	Neil Gaiman	2009-09-08 00:00:00-07:00
118484	12026	UND	Chaim Potok	The gates of November	-	Fiction	-	Copyright Â© 1996 by Chaim Potok	-	New York : Knopf : 1996.	9780394588674	-	calibre (0.6.53) [http://calibre-ebook.com]	1996-10-15 00:00:00-04:00
160446	9739	UND	Beverly Barton	Silent Killer	-	Suspense & Thrillers	-	-	-	Zebra	9781420100501	-	calibre (0.6.53) [http://calibre-ebook.com]	2009-09-01 00:00:00-04:00
137843	11087	UND	Nicole Mones	Lost in Translation	-	-	-	-	-	-	6a5b3c7f-7aaf-4fa5-b684-4aafb11703d6	-	calibre (0.6.40) [http://calibre-ebook.com]	2010-09-11T06:15:33
73303	6751	UND	Chelsea Handler	My Horizontal Life: A Collection of One-Night Stands	-	Biography	-	-	-	Bloomsbury Pub.	CBUSCEBBP000010B	-	-	2005-05-20 00:25:03.407000-07:00
68591	7779	UND	Chelsea Handler	Chelsea Chelsea Bang Bang	-	Women	-	Copyright © 2010 by Chelsea Handler	-	Grand Central Publishing	-	-	-	2010-07-10 00:23:32.735000-07:00
86161	7922	UND	Chelsea Handler	Are You There, Vodka? It's Me, Chelsea	-	General	-	Copyright © 2008 by Chelsea Handler	-	Simon and Schuster	9781416959151	-	Chelsea Handler	2010-07-10 00:00:00-07:00
68383	7388	UND	Joanne Rock	The Captive	-	Romance: Modern	-	-	-	Harlequin	9780373795383	-	calibre (0.6.43) [http://calibre-ebook.com]	2010-04-01T04:00:00+00:00
167650	13869	UND	Eric van Lustbader	The Bourne Objective (2010)	-	Robert Ludlum	-	-	-	Grand Central Publishing	28262734-25c4-4033-a2f2-6bc3a3b0cade	-	calibre (0.6.8) [http://calibre.kovidgoyal.net]	2010-06-29T00:00:00
14571	2907	UND	Michael Pollan	Food Rules: An Eater's Manual	-	Technology & Engineering	-	NONE	-	Penguin Group USA	9781101163160	-	-	2009-12-29 00:00:00-08:00
107538	6702	UND	Jennifer Erin Valent	Fireflies in December	-	-	-	-	-	Tyndale House Publishers, Inc.	CBUSCETYN02D310W	-	-	2009-01-01
378840	17811	UND	George R. R. Martin	A Feast for Crows	-	-	-	-	-	Random House, Inc.	9780553801507	-	calibre (0.7.13) [http://calibre-ebook.com]	2005-11-08 00:00:00-07:00
525268	20146	UND	George R. R. Martin	A Storm of Swords	-	-	-	-	-	Bantam Books	9780553106633	-	calibre (0.7.13) [http://calibre-ebook.com]	2000-10-31 00:00:00-06:00
400891	18029	UND	George R. R. Martin	A Clash of Kings	-	-	-	-	-	Bantam Books	9780553108033	-	calibre (0.7.13) [http://calibre-ebook.com]	1999-08-15 00:00:00-06:00
365108	15245	UND	George R. R. Martin	A Game of Thrones	-	-	-	-	-	Bantam Books	9780553103540	-	calibre (0.7.13) [http://calibre-ebook.com]	1996-08-01 00:00:00-06:00
109724	14398	UND	Fry, Stephen	The Ode Less Travelled	-	-	-	-	-	Gotham Books	ba59a788-3f4c-4c17-934e-c3badbb375e1	-	calibre (0.7.6) [http://calibre-ebook.com]	2007-02-01 00:00:00-06:00
130244	9345	UND	Alex Kava	The Soul Catcher	-	Romance	-	-	-	Mira	9781551667010	-	calibre (0.6.53) [http://calibre-ebook.com]	2003-07-01 00:00:00-04:00
87528	7736	UND	Alex Kava	Black Friday	-	Fiction	-	-	-	Mira	9781596009134	-	calibre (0.6.53) [http://calibre-ebook.com]	2010-05-02 00:00:00-04:00
131168	8686	UND	Alex Kava	A Necessary Evil	-	Fiction	-	-	-	Thorndike Press	9780786285235	-	calibre (0.6.53) [http://calibre-ebook.com]	2010-05-02 00:00:00-04:00
55261	5660	UND	Charlene Sands	Million-Dollar Marriage Merger	-	Romance	-	Copyright © 2010 by Charlene Swink	-	Harlequin	9780373730292	-	calibre (0.6.53) [http://calibre-ebook.com]	2010-05-11 00:00:00-04:00
97929	11965	UND	Dan Senor	Start-up Nation	-	BUS012000	-	Copyright © 2009 by Dan Senor and Saul Singer	-	Grand Central Publishing	9780446558310	-	calibre (0.6.20) [http://calibre-ebook.com]	2009-11-04T00:00:00
113431	11341	UND	Edward Osborne Wilson	Anthill	-	Literary	-	-	-	W. W. Norton & Company	9780393071191	-	calibre (0.6.45) [http://calibre-ebook.com]	2010-04-05T04:00:00+00:00
194041	19617	UND	Jeff Sharlet	The Family: The Secret Fundamentalism at the Heart of American Power	-	Religious right	-	-	-	HarperCollins	9780060559793	-	calibre (0.6.47) [http://calibre-ebook.com]	2008-04-15T04:00:00+00:00
116492	9056	UND	Tim Davys	Amberville	-	-	-	All rights reserved	-	HarperCollins	9780061853623	-	-	2010-03-02 11:22:37.157000+01:00
172422	10852	UND	Scholes, Ken	Psalms Of Isaak 03 - Antiphon	-	-	-	-	-	Psalms Of Isaak	c870bbbc-b226-438f-8951-0a86b3635ceb	-	calibre (0.7.1) [http://calibre-ebook.com]	2010-09-14T05:00:00+00:00
136353	13188	UND	Neil Gaiman	Good Omens	-	-	-	-	-	HarperTorch	9780060853983	-	calibre (0.7.12) [http://calibre-ebook.com]	2006-08-15 00:00:00-06:00
77591	8273	UND	J M. Barrie	Peter Pan	-	General	-	NONE	-	Hippo	9781411432895	-	-	1985-10-24 00:00:00-07:00
120269	8801	UND	James Andrus	The Perfect Woman	-	-	-	Copyright © 2010 James Andrus	-	Kensington	9780786024636	-	James Andrus	2010-04-05 00:00:00+02:00
130071	9460	UND	Naomi Novik	His Majesty’s Dragon	-	Fiction	-	-	-	-	0345481283	OEB	-	2006-01-06 00:00:00+01:00
133549	11770	UND	Dalton Fury	Kill Bin Laden: a Delta Force Commander's account of the hunt for the world's most wanted man	-	-	-	-	-	New York : St. Martin's Press, 2008.	c7479485-0e9c-4d2b-bfc4-21bc56c2cb2d	-	calibre (0.6.11) [http://calibre.kovidgoyal.net]	2008-10-06T00:00:00
69821	10352	UND	H. Paul Jeffers	Dark Mysteries of the Vatican	-	-	-	Copyright © 2010 H. Paul Jeffers	-	Kensington	978-0-8065-3376-6	-	H. Paul Jeffers	2010
140476	10970	UND	Ignatius, David	The Increment	-	-	-	-	-	Norton	a53c02f8-bb80-43e0-951c-54ebbe19d72c	-	calibre (0.6.42) [http://calibre-ebook.com]	2009-05-18T05:00:00+00:00
125078	10533	UND	Alisa Sheckley	Moonburn	-	Fantasy	-	-	-	Del Rey	9780345505880	-	calibre (0.6.53) [http://calibre-ebook.com]	2009-05-18 04:00:00-04:00
110715	10255	UND	Alisa Sheckley	The Better to Hold You	-	Fantasy	-	-	-	Del Rey	9780345505873	-	calibre (0.6.53) [http://calibre-ebook.com]	2009-02-23 04:00:00-05:00
182227	9600	UND	J. R. R. Tolkien	The Silmarillion	-	Middle Earth (Imaginary place)	-	-	-	Houghton Mifflin	9afe0a5a-9f34-4cae-be95-2096f85b69b3	-	calibre (0.7.10) [http://calibre-ebook.com]	2004-11-15 00:00:00-08:00
63976	10796	UND	Emily Dickinson	The collected poems of Emily Dickinson	-	Fiction	-	NONE	-	Spark Educational Publishing	9781593080501	-	calibre (0.7.10) [http://calibre-ebook.com]	2003-07-15 10:05:12.804000-07:00
133748	12632	UND	Edith Wharton	The Age of Innocence	-	Fiction	-	NONE	-	BARNES & NOBLE	9781411433748	-	-	2004-01-16 00:00:00-08:00
109049	11306	UND	Edith Wharton	Ethan Frome & Selected Stories	-	-	-	NONE	-	Barnes&Noble	9781411432154	-	-	2010-07-10 00:00:00-07:00
127868	10760	UND	Rob Thurman	The Grimrose Path	-	-	-	Copyright © Robyn Thurman, 2010	-	A Trickster Novel	98899987-a12f-438e-a62e-86993b92452a	-	calibre (0.7.0) [http://calibre-ebook.com]	2010-07-27T07:00:00+00:00
100542	7161	UND	Janet Evanovich	Seven Up	-	Fiction	-	-	-	HEADLINE REVIEW	34d6669b-b872-4ae7-bc10-94e6513ee267	-	calibre (0.6.53) [http://calibre-ebook.com]	2005-06-05 23:53:35.919000-07:00
89052	7443	UND	Janet Evanovich	Finger Lickin' Fifteen	-	Mystery fiction	-	-	-	Macmillan	65e02355-34cc-4c42-b14f-bf27bf872288	-	calibre (0.6.53) [http://calibre-ebook.com]	2009-06-22 23:53:20.533000-07:00
52795	5941	UND	Janet Evanovich	Manhunt	-	Fiction	-	-	-	HarperTorch	9780060598822	-	calibre (0.7.9) [http://calibre-ebook.com]	2005-11-10 00:00:00-08:00
89747	8071	UND	Janet Evanovich	One for the Money	-	Fiction	-	-	-	Simon and Schuster	89458633-32ca-4a3c-b5cb-e323f6fe4f15	-	calibre (0.6.53) [http://calibre-ebook.com]	1994-06-14 23:53:21.653000-07:00
109208	8271	UND	Janet Evanovich	Three to Get Deadly and Four to Score	-	Fiction	-	-	-	St. Martin's Paperbacks	1188a15d-d4c3-448b-ac6d-1ca6190de39d	-	calibre (0.6.53) [http://calibre-ebook.com]	2002-10-14 23:53:27.413000-07:00
105942	7677	UND	Janet Evanovich	Four to Score	-	Fiction	-	-	-	St. Martin's Press	6f289842-6f2a-4242-bfa8-328d5a12cca3	-	calibre (0.6.53) [http://calibre-ebook.com]	2002-10-14 23:53:30.318000-07:00
51985	6486	UND	Janet Evanovich	Naughty Neighbor	-	Fiction	-	-	-	Harperluxe	9780061474408	-	calibre (0.7.9) [http://calibre-ebook.com]	2008-02-22 00:00:00-08:00
49429	6301	UND	Janet Evanovich	Foul Play	-	Fiction	-	-	-	HarperCollins	9780061690389	-	calibre (0.7.9) [http://calibre-ebook.com]	2008-10-10 15:37:45.230000-07:00
102795	6931	UND	Janet Evanovich	Hard eight	-	Detective and mystery stories	-	-	-	St. Martin's Paperbacks	4cb4923f-4c86-4b8a-bd19-b97a15abdf85	-	calibre (0.6.53) [http://calibre-ebook.com]	2003-05-29 01:57:24.662000-07:00
101952	7042	UND	Janet Evanovich	Hot Six	-	Fiction	-	-	-	Alfaguara	ad2d533b-381b-4bdc-8c0b-3f3d91baf676	-	calibre (0.6.53) [http://calibre-ebook.com]	2002-08-14 23:53:34.656000-07:00
57641	6451	UND	Janet Evanovich	Love Overboard	-	Fiction	-	-	-	HarperTorch	9780060598846	-	calibre (0.7.9) [http://calibre-ebook.com]	2005-01-07 14:37:34.592000-08:00
57487	6038	UND	Janet Evanovich	Wife for Hire	-	Fiction	-	-	-	HarperCollins	9780060598884	-	calibre (0.7.9) [http://calibre-ebook.com]	2007-10-11 16:05:21.475000-07:00
103297	7996	UND	Janet Evanovich	Two for the Dough	-	Fiction	-	-	-	Simon and Schuster	4ae77a2b-6a37-49c1-ad0f-9d98bf86ecbb	-	calibre (0.6.53) [http://calibre-ebook.com]	2000-04-30 23:53:24.031000-07:00
135503	11211	UND	Jack London	The Call of the Wild and White Fang	-	Fiction	-	NONE	-	BARNES & NOBLE	9781411431881	-	-	2008-03-29 00:00:00-07:00
138955	10935	UND	Lee Child	61 Hours	Text	Fiction	URN:ISBN:978-1-40909-476-0	All rights reserved	-	Random House Publishing Group	URN:ISBN:978-1-40909-476-0	394 pages	-	2010-05-17 00:00:00-07:00
168702	17356	UND	Sinclair Lewis	Babbitt	-	Satire	-	NONE	-	Harcourt, Brace and Company	9781411431805	-	-	1922-07-15 00:00:00-08:00
130582	11268	UND	Mingmei Yip	Petals from the Sky	-	-	-	Copyright © 2010 by Mingmei Yip	-	Kensington	978-0-7582-5765-9	-	Mingmei Yip	2010-03-10 00:00:00+01:00
125409	9458	UND	Juan Gabriel Vásquez	The Informers	-	Latin American Novel And Short Story	-	-	-	RIVERHEAD	9781594488788	-	calibre (0.6.53) [http://calibre-ebook.com]	2009-07-30T04:00:00+00:00
10676	2905	UND	Charles Stross	Overtime	-	-	-	Copyright © 2009 Charles Stross	-	Macmillan	CBUSCEHOL02TY00I	-	-	2010-06-08 00:00:00+02:00
151181	15417	UND	David Mitchell	Black Swan Green	-	Fiction	-	-	-	Knopf Canada	9780676974966	-	calibre (0.7.8) [http://calibre-ebook.com]	2006-04-10 20:08:50.152000-07:00
176647	17200	UND	David Mitchell	Ghostwritten: a novel	Fiction	Fiction	-	-	-	Random House, Inc.	9780375724503	-	-	2001-10-08 20:08:54.599000-07:00
171892	18016	UND	David Mitchell	Number9dream	Fiction	Fiction	-	-	-	Random House, Inc.	9780812966923	-	-	2003-02-10 19:08:57.592000-08:00
204646	19477	UND	David Mitchel	The Thousand Autumns of Jacob de Zoet	-	-	-	-	-	Hodder	c8c38aa5-300f-4126-802f-fb6c3724f355	-	calibre (0.6.55) [http://calibre-ebook.com]	2010-05-12 00:00:00-07:00
51286	5098	UND	Mario Vargas Llosa	Who Killed Palomino Molero	-	-	-	©	-	-	LLOSA-WHO-KILLED-PALOMINO-MOLERO	-	-	2010-10-07 00:00:00-05:00
89048	7103	UND	Robin Lee Hatcher	A Vote of Confidence	-	-	-	Copyright © 2009 by RobinSong, Inc.	-	Zondervan	9780310564980	-	-	2010-05-28 00:00:00+02:00
53599	4576	UND	Mankell Henning	Shadows in the Twilight	-	english	-	
         This electronic book is sold subject to the condition that it shall not by way of trade or otherwise, be lent, resold, hired out, or otherwise circulated without the publisher's prior consent in any form other than that in which it is published and without a similar condition including this condition being imposed on the subsequent purchaser
      	-	Andersen Press	9781849398176	-	-	-
106216	8139	UND	Mankell Henning	Depths	-	english	-	
         This electronic book is sold subject to the condition that it shall not by way of trade or otherwise, be lent, resold, hired out, or otherwise circulated without the publisher's prior consent in any form other than that in which it is published and without a similar condition including this condition being imposed on the subsequent purchaser
      	-	Random House Publishing Group	9781407017532	-	-	-
163929	12893	UND	Kelley Armstrong	Exit Strategy	-	Suspense & Thrillers	-	-	-	Seal Books	9780770430115	-	calibre (0.6.53) [http://calibre-ebook.com]	2009-04-27 16:37:33-04:00
235250	13433	UND	Sykes, Sam	Tome of the Undergates	-	-	-	-	-	The Aeon's Gate	e19c2754-e610-4621-ad15-d62020a9a281	-	calibre (0.7.1) [http://calibre-ebook.com]	2010-04-15T05:00:00+00:00
161032	12852	UND	Henry H. Neff	The Second Siege	-	& Fables - General	-	-	-	Random House Children's Books	53e91ef6-c8d2-4d5b-9cb4-9c5338d6a466	-	calibre (0.6.24) [http://calibre-ebook.com]	2010-07-14T16:00:00
129486	11128	UND	Henry H. Neff	The Hound of Rowan	-	& Fables - General	-	-	-	Random House	1e5a37e6-246b-40f9-b957-25bf09dd3bc2	-	calibre (0.6.24) [http://calibre-ebook.com]	2008-09-22T16:00:00
195433	10927	UND	Choderlos de Laclos	Dangerous liaisons	-	Fiction	-	NONE	-	Penguin	9781411432543	-	-	2007-03-27 00:00:00-07:00
86488	9254	UND	Garth Nix	Shade's Children	-	-	-	-	-	HarperCollins e-books	fb35cd2f-11a6-41b4-a3ab-af19f26f177e	-	calibre (0.6.51) [http://calibre-ebook.com]	2010-03-02T06:00:00+00:00
72154	7734	UND	Flynn Meaney	Bloodthirsty	-	JUV039000	-	-	-	HarperCollins Publishers Australia	9780732292195	-	calibre (0.6.26) [http://calibre-ebook.com]	2010-10-14T04:00:00
174808	11525	UND	Isabel Allende	Island Beneath the Sea	-	Latin American Novel And Short Story	-	-	-	HarperCollins	9780061988240	-	calibre (0.6.45) [http://calibre-ebook.com]	2010-04-27T04:00:00+00:00
83582	7890	UND	Tess Gerritsen	Girl Missing	-	Suspense & Thrillers	-	-	-	BANTAM UK	9780593062753	-	calibre (0.6.53) [http://calibre-ebook.com]	2009-05-20 04:00:00-04:00
90768	11011	UND	Richard Wrangham	Catching Fire: How Cooking Made Us Human	-	-	-	-	-	Basic Books	9780786744787	-	calibre (0.6.34) [http://calibre-ebook.com]	2010-01-14T10:51:27
104851	10718	UND	Donald Thomas	Sherlock Holmes and the King's Evil: And Other New Tales Featuring the World's Greatest Detective	-	Private investigators	-	-	-	Pegasus Books	9781605980430	-	calibre (0.6.47) [http://calibre-ebook.com]	2009-04-28T20:17:43.778171+00:00
269845	16302	UND	Hilary Mante	Wolf Hall	-	07 Historical Fiction	-	-	-	Fourth Estate	c2d20e41-28f5-45c6-b016-d3fdbad411d1	-	calibre (0.6.24) [http://calibre-ebook.com]	2009-11-20T23:00:00
139448	15698	UND	Spencer, Robert	Post-American Presidency	-	-	-	-	-	Threshold Editions	099bb029-7349-4389-9dc8-78dd7658792c	-	calibre (0.7.1) [http://calibre-ebook.com]	2010-07-27T05:00:00+00:00
125848	11328	UND	John Updike	Rabbit, Run	-	Fiction	-	-	-	Penguin Books	9780141187839	-	calibre (0.7.1) [http://calibre-ebook.com]	2006-07-14 20:15:06.177000-07:00
120472	9907	UND	Gaston Leroux	The Phantom of the Opera	-	Fiction	-	NONE	-	Forgotten Books	9781411432901	-	-	1970-07-15 00:00:00-07:00
139089	9812	UND	Elizabeth Gilbert	Stern Men	-	Fiction	-	NONE	-	Penguin Group	9781101014875	-	-	2009-02-24 14:33:10.189000-08:00
108829	10511	UND	Elizabeth Gilbert	Committed: A Skeptic Makes Peace with Marriage	-	Biography	-	NONE	-	Viking	9780670021659	-	calibre (0.6.45) [http://calibre-ebook.com]	2010-01-04 21:00:00-08:00
114889	10738	UND	Edgar Rice Burroughs	Tarzan of the apes	-	Adventure stories	-	NONE	-	Plain Label Books	9781411433250	-	-	1927-07-15 00:00:00-08:00
124851	7984	UND	Guy Gavriel Kay	The Wandering Fire	-	-	-	-	-	Roc	9780451458261	-	calibre (0.7.12) [http://calibre-ebook.com]	2001-05-08 00:00:00-06:00
145731	9609	UND	Guy Gavriel Kay	The Summer Tree	-	-	-	-	-	Roc	9780451458223	-	calibre (0.7.12) [http://calibre-ebook.com]	2001-04-10 00:00:00-06:00
185487	9534	UND	Guy Gavriel Kay	The Darkest Road	-	-	-	-	-	Roc	9780451458339	-	calibre (0.7.12) [http://calibre-ebook.com]	2001-06-12 00:00:00-06:00
147113	10179	UND	Seanan McGuire	A Local Habitation	-	Fantasy	-	-	-	DAW	9780756405960	-	calibre (0.6.45) [http://calibre-ebook.com]	2010-03-02 00:00:00-05:00
151795	9761	UND	Seanan McGuire	An Artificial Night - BK 3	-	-	-	Copyright © 2010 by Seanan McGuire.	-	PENGUIN group	24afde9f-f0a3-4d0f-93da-ac6485b3d54e	-	calibre (0.7.0) [http://calibre-ebook.com]	2010-07-27T07:00:00+00:00
119064	10750	UND	John Yoo	War by Other Means: An Insider's Account of the War on Terror	-	War and emergency legislation	-	-	-	Atlantic Monthly Press	9780871139450	-	calibre (0.6.45) [http://calibre-ebook.com]	2006-05-15T04:00:00+00:00
176263	11426	UND	Alexey Pehov	Shadow Prowler	-	Fantasy	-	-	-	Simon + Schuster UK	9781847375636	-	calibre (0.6.53) [http://calibre-ebook.com]	2010-04-15 00:00:00-04:00
112171	9011	UND	Anya Bast	Witch Blood	-	Fantasy	-	-	-	Penguin	edd20289-3335-4dbb-b18f-53cd58b72c9e	-	calibre (0.6.53) [http://calibre-ebook.com]	2009-04-23 17:49:16-04:00
123643	9357	UND	Anya Bast	Wicked Enchantment	-	Romance	-	-	-	Penguin Group (USA) Incorporated	9780425232019	-	calibre (0.6.53) [http://calibre-ebook.com]	2010-01-22 04:00:00-05:00
122232	9427	UND	Anya Bast	Witch Fury	-	Fantasy	-	-	-	Berkley	042522869X	-	calibre (0.6.53) [http://calibre-ebook.com]	2009-06-03 14:22:33-04:00
116850	8424	UND	Anya Bast	Witch Heart	-	Fantasy	-	-	-	Berkley Sensation	9780425225530	-	calibre (0.6.53) [http://calibre-ebook.com]	2009-04-30 19:22:07-04:00
122316	10675	UND	Henry James	Daisy Miller: and, Washington Square	-	Psychological fiction	-	NONE	-	Barnes & Noble Classics	9781411432031	-	-	2009-07-15 00:00:00-07:00
102093	7552	UND	Yovanoff, Brenna	The Replacement	-	-	-	-	-	Razorbill	360fbc51-e843-4ad4-a20b-ebdb81903f3c	-	calibre (0.6.32) [http://calibre-ebook.com]	2010-10-04T02:01:56
132691	10807	UND	Merciel, Liane	The River King's Road	-	-	-	-	-	Pocket	3add0a66-a991-4780-8a77-0149d71bb7f5	-	calibre (0.6.46) [http://calibre-ebook.com]	2010-03-09T06:00:00+00:00
239338	11730	UND	Alexander Hamilton	The Federalist papers	-	History	-	NONE	-	Oxford University Press	9781411432192	-	-	2008-11-15 00:00:00-08:00
168939	13754	UND	James Lee Burke	Rain Gods	-	-	-	-	-	Simon and Schuster	1746dc5e-08f6-4d7e-87aa-fba0cf945d05	-	calibre (0.5.14) [http://calibre.kovidgoyal.net]	2009-07-21T20:34:25
401891	18290	UND	Cronin, Justin	The Passage: A Novel	-	-	-	-	-	Ballantine Books	b6f5c97d-6f68-4d32-a2e2-dd79f565e65c	-	calibre (0.7.1) [http://calibre-ebook.com]	2010-06-08T05:00:00+00:00
121630	10951	UND	Anthony Francis	Frost Moon	-	Fantasy	-	Copyright © 2010 by Anthony Francis	-	Bell Bridge Books	9780984325689	-	calibre (0.6.53) [http://calibre-ebook.com]	2010-03-26 00:00:00-04:00
95495	8452	UND	Valerie Hansen	Frontier Courtship	-	Romance	-	-	-	Harlequin	9780373827848	-	calibre (0.6.53) [http://calibre-ebook.com]	2008-03-11 00:00:00-04:00
125450	8757	UND	Dick Francis	Silks	Text	-	-	Copyright © Dick Francis, 2008	-	Penguin Group UK	9780141889801	-	-	2008-06-15 00:00:00+05:30
175913	17227	UND	Wendy Moore	Wedlock	-	Autobiography	-	NONE	-	THREE RIVERS PR	9780307383372	-	calibre (0.7.2) [http://calibre-ebook.com]	2010-06-14T16:00:00+00:00
75959	8548	UND	Anghelides, Peter	Pack Animals	-	-	-	-	-	BBC Digital	5f30148b-4198-4697-b787-659d1a802be5	-	calibre (0.7.1) [http://calibre-ebook.com]	2010-07-31 00:00:00-07:00
115114	10875	UND	Anghelides, Peter	Another Life	-	-	-	-	-	BBC Digital	c03494b7-56db-4a12-af99-4751860da6cc	-	calibre (0.7.1) [http://calibre-ebook.com]	2010-07-28 00:00:00-07:00
111043	10714	UND	Jon Sprunk	Shadow's Son	-	Fantasy	-	-	-	Pyr	9781616142018	-	calibre (0.7.3) [http://calibre-ebook.com]	2010-06-19T06:00:00+00:00
185127	10908	UND	Margaret Weis	Dragons of Autumn Twilight	-	Dragonlance	-	-	-	TSR	0880386525	-	calibre (0.6.45) [http://calibre-ebook.com]	2008-12-04T05:00:00+00:00
170864	11302	UND	Margaret Weis	Dragonlance: The Second Generation	-	-	-	-	-	Wizards of the Coast	9780786926947	-	calibre (0.7.10) [http://calibre-ebook.com]	2002-02-01 00:00:00-07:00
255358	15912	UND	Harriet Beecher Stowe	Uncle Tom's cabin	-	Slavery	-	NONE	-	J. Cassell	9781411433380	-	-	1852-07-15 00:00:00-08:00
66241	7249	UND	Russell, Gary	The Twilight Streets	-	-	-	-	-	BBC Digital	c4bf8dc5-bdcd-42fb-914f-29c9da247090	-	calibre (0.7.1) [http://calibre-ebook.com]	2010-04-27 00:00:00-07:00
154529	10613	UND	Robin McKinley	Pegasus	-	Magic	-	-	-	Penguin Group USA	9780399246777	-	calibre (0.6.26) [http://calibre-ebook.com]	2010-11-14T04:00:00
140017	13730	UND	Max Brooks	World War Z: An Oral History of the Zombie War	-	War stories	-	-	-	Random House, Inc.	9780307346612	-	calibre (0.7.10) [http://calibre-ebook.com]	2007-10-16 10:19:34.750000-07:00
95770	7929	UND	Jerry Weintraub	When I Stop Talking, You'll Know I'm Dead: Useful Stories from a Persuasive Man	-	Biography	-	-	-	Grand Central Publishing	9780446548151	-	calibre (0.6.45) [http://calibre-ebook.com]	2010-04-06 00:00:00-07:00
116493	10063	UND	Pintoff, Stefanie	In the Shadow of Gotham	-	-	-	-	-	Minotaur Books	8598c25c-4dee-47a1-b1ae-255c8c162e7a	-	calibre (0.6.55) [http://calibre-ebook.com]	2010-05-11T06:00:00+00:00
107717	10860	UND	Karen Marie Moning	Bloodfever	-	-	-	Copyright © 2007 by Karen Marie Moning	-	Random House	9780440337225	-	calibre (0.6.53) [http://calibre-ebook.com]	2007-05-17 00:00:00-04:00
121474	10418	UND	Karen Marie Moning	Faefever	-	-	-	Copyright © 2008 by Karen Marie Moning	-	Bantam Dell	9780440338161	-	calibre (0.6.53) [http://calibre-ebook.com]	2008-05-17 00:00:00-04:00
43262	5589	UND	Xiaolu Guo	20 Fragments of a Ravenous Youth	-	english	-	
         This electronic book is sold subject to the condition that it shall not by way of trade or otherwise, be lent, resold, hired out, or otherwise circulated without the publisher's prior consent in any form other than that in which it is published and without a similar condition including this condition being imposed on the subsequent purchaser
      	-	Vintage Books-uk	9780099512936	-	-	2008-12-31 17:00:00+01:00
130337	11117	UND	Earl Emerson	The Smoke Room	-	-	-	-	-	-	f2ea4df1-4022-49fc-bb21-675a864cbd77	-	calibre (0.6.51) [http://calibre-ebook.com]	2010-08-01T09:48:41.687000+00:00
64658	8488	UND	Edmond Rostand	Cyrano de Bergerac	-	Fiction	-	NONE	-	Barnes & Noble Classics	9781411432024	-	-	2008-05-01 00:00:00-07:00
401521	27425	UND	Neal Stephenson	The confusion	-	History	-	-	-	HarperCollins	9780060523862	-	calibre (0.7.7) [http://calibre-ebook.com]	2004-04-12 19:52:29.464000-07:00
464008	32552	UND	Neal Stephenson	Quicksilver	-	Historical fiction	-	-	-	HarperCollins	9780060593087	-	calibre (0.7.7) [http://calibre-ebook.com]	2004-09-08 19:49:32.847000-07:00
395587	22488	UND	Neal Stephenson	Anathem	-	Science fiction	-	-	-	HarperCollins	9780061474101	-	calibre (0.7.7) [http://calibre-ebook.com]	2009-08-24 19:46:50.539000-07:00
458602	30132	UND	Neal Stephenson	The system of the world	-	History	-	-	-	HarperCollins	9780060523879	-	calibre (0.7.7) [http://calibre-ebook.com]	2004-09-20 19:58:42.962000-07:00
69942	6824	UND	Llewellyn, David	Trace Memory	-	-	-	-	-	BBC Digital	38d74ad7-2eb0-4c18-9b2b-9c5b87d8bd82	-	calibre (0.7.1) [http://calibre-ebook.com]	2009-12-23 00:00:00-07:00
195467	18839	UND	Michael Davis	Street gang: the complete history of Sesame Street	-	General	-	NONE	-	Penguin Group	9781440658754	-	-	2008-12-30 00:00:00-08:00
116213	10105	UND	Camy Tang	SUSHI for ONE?	-	ebook	-	2007	-	Zondervan	9780310542391	-	-	2010-04-05 00:00:00+02:00
185393	10024	UND	Daniells, Rowena Cory	The King's Bastard	-	Fantasy	-	-	-	Solaris	20856796-cc0b-4eea-ad5e-d017b3047ed4	-	calibre (0.7.1) [http://calibre-ebook.com]	2010-07-13T05:00:00+00:00
89568	10633	UND	H. g. Wells	The War of the Worlds	-	Science fiction	-	NONE	-	CreateSpace	9781411433465	-	-	2010-02-26 00:00:00-08:00
164429	15808	UND	Erik Larson	The Devil in the White City: Murder, Magic & Madness and the Fair that Changed America	-	2000	-	-	-	Crown Publishers	7b63b6f6-3df9-477f-8077-406b9927e649	-	calibre (0.5.11) [http://calibre.kovidgoyal.net]	2003-01-10 00:00:00-08:00
127227	9537	UND	Alexandra Ivy	Darkness Unleashed	-	Fantasy	-	-	-	Zebra	9781420102970	-	calibre (0.6.53) [http://calibre-ebook.com]	2009-11-30 04:00:00-05:00
120531	7598	UND	Alexandra Ivy	Embrace the Darkness	-	Romance	-	-	-	Zebra Books	9780821779378	-	calibre (0.6.53) [http://calibre-ebook.com]	2007-10-30 00:00:00-04:00
126413	8275	UND	Alexandra Ivy	Darkness Everlasting	-	Science Fiction	-	-	-	Zebra Books	34	-	calibre (0.5.8) [http://calibre.kovidgoyal.net]	2008-04-29 00:00:00-04:00
109037	7990	UND	Alexandra Ivy	When Darkness Comes	-	Fantasy	-	-	-	Zebra Books	8736f73f-8310-48af-8dda-497ba15831a1	-	calibre (0.6.53) [http://calibre-ebook.com]	2009-04-23 17:49:22-04:00
128864	8791	UND	Alexandra Ivy	Darkness Revealed	-	Fantasy	-	-	-	Kensington Publishing Corp.	9781420102963	-	calibre (0.6.53) [http://calibre-ebook.com]	2009-05-11 13:38:16-04:00
43284	5280	UND	Justin Halpern	Sh*t My Dad Says	-	Fathers and sons	-	-	-	HarperCollins	7baaff12-6f61-4925-b38f-610be870503c	-	calibre (0.6.48) [http://calibre-ebook.com]	2010-05-04 00:00:00-07:00
130232	9321	UND	Patrick Woodhead	The Cloud Maker (2010)	-	Patrick Woodhead	-	-	-	Preface Digital	314288af-ae00-42eb-9f50-e661f24a4a3d	-	calibre (0.6.8) [http://calibre.kovidgoyal.net]	2010-06-27T00:00:00
201076	11365	UND	Jane Austen	Mansfield Park	-	Fiction	-	NONE	-	Barnes&Noble	9781411432659	-	-	2009-08-15 00:00:00-07:00
230760	13158	UND	Jane Austen	Emma	-	Fiction	-	NONE	-	Plain Label Books	9781411432109	-	-	1955-07-15 00:00:00-08:00
160966	9596	UND	Jane Austen	Pride and Prejudice	-	General	-	NONE	-	Evans Brothers	9781411432963	-	-	2004-03-04 00:00:00-08:00
109900	10045	UND	Jane Austen	Northanger Abbey	-	B&N Classics	-	NONE	-	Icon Health	9781411432796	-	-	2006-01-18 00:00:00-08:00
116319	9324	UND	Jane Austen	Persuasion	-	Fiction	-	NONE	-	Barnes&Noble	9781411432888	-	-	2009-07-15 00:00:00-07:00
155214	9408	UND	Jane Austen	Sense and sensibility	-	Fiction	-	NONE	-	Cassell	9781411433144	-	-	1908-07-15 00:00:00-08:00
72837	7464	UND	Baxendale, Trevor	The Undertakers Gift	-	-	-	-	-	BBC Digital	479b8639-1478-461f-a546-d1c2982f0698	-	calibre (0.7.1) [http://calibre-ebook.com]	2010-06-30 00:00:00-07:00
71606	7091	UND	Baxendale, Trevor	Something in the Water	-	-	-	-	-	BBC Digital	101447ba-ae97-4502-8785-833149a98549	-	calibre (0.7.1) [http://calibre-ebook.com]	2010-04-09 00:00:00-07:00
300586	24958	UND	Walt Whitman	Leaves of Grass	-	General	-	NONE	-	READ BOOKS	9781411432529	-	-	2009-02-15 00:00:00-08:00
64217	6551	UND	Pinborough, Sarah	Into The Silence	-	-	-	-	-	BBC Digital	ebd1001b-0720-45cb-a563-fe6cb75ff7ab	-	calibre (0.7.1) [http://calibre-ebook.com]	2009-12-23 00:00:00-07:00
64051	6211	UND	Catherine George	The Power of the Legendary Greek	-	Romance	-	Copyright © 2010 by Catherine George.	-	Harlequin Mills & Boon, Limited	9780263878127	-	calibre (0.6.53) [http://calibre-ebook.com]	2010-06-15 00:00:00-04:00
71834	6611	UND	Catherine George	The Millionaire's Rebellious Mistress	-	Romance	-	-	-	Harlequin	9780373527496	-	calibre (0.6.53) [http://calibre-ebook.com]	2009-12-16 00:00:00-05:00
90300	11643	UND	Jason Mattera	Obama Zombies: How the Obama Machine Brainwashed My Generation	-	Current Events	-	-	-	Simon & Schuster	9781439172070	-	calibre (0.6.45) [http://calibre-ebook.com]	2010-03-30T04:00:00+00:00
116577	11478	UND	Douglas Preston	The Monster of Florence	-	HIS037080	-	WORLD ALL LANGUAGES	-	Grand Central Publishing	9780446537414	-	calibre (0.6.16) [http://calibre-ebook.com]	2008-06-11T00:00:00
53795	6764	UND	Anonymous	Beowulf	-	Fiction	-	NONE	-	Echo Library	9781411431836	-	-	2006-06-15 00:00:00-07:00
235597	14421	UND	Robert Ludlum	The Bourne Identity	-	Fiction	-	-	-	Random House, Inc.	9780553593549	-	calibre (0.6.53) [http://calibre-ebook.com]	2010-07-15 00:00:00-07:00
161276	11530	UND	Sidney Sheldon	Rage of Angels	-	-	-	Copyright (c) 1980 by The Sidney Sheldon Family Limited Partnership	-	HarperCollins	9780062015570	-	-	2010-05-28 10:41:45.783000+02:00
172558	12528	UND	Thomas Paine	Common Sense, the Rights of Man and Other Essential Writings of Thomas Paine	-	History	-	NONE	-	CreateSpace	9781411431942	-	-	2009-04-16 00:00:00-07:00
106685	9444	UND	Diane Whiteside	The Irish Devil	-	-	-	Copyright © 2004 by Diane Whiteside	-	Kensington Publishing Corp.	0758228279	-	Diane Whiteside	2004-06-12 00:00:00+02:00
88612	8798	UND	Rita Lakin	Getting Old Is Tres Dangereux	-	Mystery fiction	-	Copyright © 2010 by Rita Lakin	-	Random House, Inc.	CBUSCERHI02PZO03	-	-	2010-07-15 00:00:00-07:00
126067	9772	UND	James L. Rubart	Rooms	-	Fiction	-	-	-	B&H Publishing Group	9780805448887	-	calibre (0.6.53) [http://calibre-ebook.com]	2010-04-01 00:00:00-04:00
422587	23649	UND	Stephen King	Under the Dome: A Novel	-	King	-	-	-	Scribner	9781439148501	-	calibre (0.6.29) [http://calibre-ebook.com]	2009-11-09T04:00:00
19660	2953	UND	Stephen King	Blockade Billy	-	King; Stephen - Prose & Criticism	-	-	-	Storyville	9781451608212	-	calibre (0.6.54) [http://calibre-ebook.com]	2010-04-15T07:00:00+00:00
256977	17312	UND	Stephen King	Duma Key	-	Fiction	-	-	-	Simon and Schuster	9781416552963	-	calibre (0.7.10) [http://calibre-ebook.com]	2008-10-21 10:37:14.570000-07:00
172563	10726	UND	Cherie Priest	Boneshaker	-	-	-	-	-	Tor Books	9780765318411	-	calibre (0.6.37) [http://calibre-ebook.com]	2009-10-11T07:00:00
71919	7778	UND	Katrina Prado	The Whore of Babylon, A Memoir	FICTION	-	-	-	-	Xlibris	CBUSCEXLB000BA0D	-	calibre (0.6.34) [http://calibre-ebook.com]	2010-01-29
48661	4618	UND	Stephen W. Hawking	A Briefer History of Time	-	General	-	Stephen Hawking	-	Random House, Inc.	9780553385465	-	calibre (0.7.10) [http://calibre-ebook.com]	2008-05-13 10:29:39.094000-07:00
66739	6047	UND	Samantha Hunter	Make Your Move	-	Romance: Modern	-	-	-	Harlequin	9780373795468	-	calibre (0.6.42) [http://calibre-ebook.com]	2010-05-01T04:00:00+00:00
108364	10405	UND	S. J. Day	Eve of Darkness	-	Fantasy	-	-	-	Tor Paranormal Romance	b72a7cf7-36d9-4eca-be84-608c0971aecb	-	calibre (0.6.5) [http://calibre.kovidgoyal.net]	2009-04-28T00:00:00
142466	11006	UND	Borodale, Jane	The Book of Fires	-	-	-	NONE	-	PENGUIN group	b5d7ed4b-8639-4c11-a71a-b6315f34a700	-	calibre (0.6.34) [http://calibre-ebook.com]	2010-05-20T14:48:52
188390	12806	UND	Nora Roberts	The Search	-	Fiction	-	Copyright © 2010 by Nora Roberts	-	Putnam	9781101188705	-	-	2010-07-15 00:00:00-07:00
99766	8054	UND	Julia Barrett	Beauty and the Feast	-	Romance	-	Resplendence Publishing, LLC P.O. Box 992 Edgewater, Florida, 32132 Beauty and the Feast Copyright © 2010, Julia Barrett Edited by Chantal Depp Cover art by Les Byerley Electronic format ISBN: 978-1-60735-130-2 Warning: All rights reserved. The unauthorized reproduction or distribution of this copyrighted work is illegal. Criminal copyright infringement, including infringement without monetary gain, is investigated by the FBI and is punishable by up to 5 years in federal prison and a fine of $250,000. Electronic release: March 2010 This is a work of fiction. Names, characters, places and occurrences are a product of the author's imagination. Any resemblance to actual persons, living or dead, places or occurrences, is purely coincidental.	-	Resplendence Publishing, LLC	1d94969c-ffb5-42c4-bf4c-6f84649221f9	-	calibre (0.6.40) [http://calibre-ebook.com]	2010-03-16T00:00:00
